id,firstname,lastname,contact_email,contact_contact2_email2,profession
100,Leona,Tatianas,Leona.Tatianas@yopmail.com,Leona.Tatianas@gmail.com,police officer
101,Janis,Philoo,Janis.Philoo@yopmail.com,Janis.Philoo@gmail.com,firefighter
102,Fidelia,Tamar,Fidelia.Tamar@yopmail.com,Fidelia.Tamar@gmail.com,developer
103,Alyssa,Thar,Alyssa.Thar@yopmail.com,Alyssa.Thar@gmail.com,worker
104,Addia,Hutchison,Addia.Hutchison@yopmail.com,Addia.Hutchison@gmail.com,developer
105,Theodora,Arathorn,Theodora.Arathorn@yopmail.com,Theodora.Arathorn@gmail.com,firefighter
106,Dulce,Ajay,Dulce.Ajay@yopmail.com,Dulce.Ajay@gmail.com,developer
107,Elise,Chapland,Elise.Chapland@yopmail.com,Elise.Chapland@gmail.com,developer
108,Petronia,Wilona,Petronia.Wilona@yopmail.com,Petronia.Wilona@gmail.com,doctor
109,Kristina,Kare,Kristina.Kare@yopmail.com,Kristina.Kare@gmail.com,firefighter
110,Tamqrah,Nance,Tamqrah.Nance@yopmail.com,Tamqrah.Nance@gmail.com,worker
111,Jillayne,Pacorro,Jillayne.Pacorro@yopmail.com,Jillayne.Pacorro@gmail.com,doctor
112,Genovera,Phyllis,Genovera.Phyllis@yopmail.com,Genovera.Phyllis@gmail.com,firefighter
113,Gilligan,Presber,Gilligan.Presber@yopmail.com,Gilligan.Presber@gmail.com,police officer
114,Evita,Cleo,Evita.Cleo@yopmail.com,Evita.Cleo@gmail.com,firefighter
115,Ermengarde,Yorick,Ermengarde.Yorick@yopmail.com,Ermengarde.Yorick@gmail.com,police officer
116,Anestassia,Merriott,Anestassia.Merriott@yopmail.com,Anestassia.Merriott@gmail.com,firefighter
117,Penelopa,Bouchard,Penelopa.Bouchard@yopmail.com,Penelopa.Bouchard@gmail.com,developer
118,Adriana,Devlen,Adriana.Devlen@yopmail.com,Adriana.Devlen@gmail.com,doctor
119,Dorene,Jammal,Dorene.Jammal@yopmail.com,Dorene.Jammal@gmail.com,firefighter
120,Kelly,Scammon,Kelly.Scammon@yopmail.com,Kelly.Scammon@gmail.com,doctor
121,Daune,Hourigan,Daune.Hourigan@yopmail.com,Daune.Hourigan@gmail.com,police officer
122,Neila,Jarib,Neila.Jarib@yopmail.com,Neila.Jarib@gmail.com,police officer
123,Millie,McCutcheon,Millie.McCutcheon@yopmail.com,Millie.McCutcheon@gmail.com,police officer
124,Gloria,Terrence,Gloria.Terrence@yopmail.com,Gloria.Terrence@gmail.com,doctor
125,Odessa,Elisha,Odessa.Elisha@yopmail.com,Odessa.Elisha@gmail.com,developer
126,Pamella,Glenden,Pamella.Glenden@yopmail.com,Pamella.Glenden@gmail.com,firefighter
127,Brana,Iphlgenia,Brana.Iphlgenia@yopmail.com,Brana.Iphlgenia@gmail.com,firefighter
128,Ernesta,Juan,Ernesta.Juan@yopmail.com,Ernesta.Juan@gmail.com,police officer
129,Damaris,Quinn,Damaris.Quinn@yopmail.com,Damaris.Quinn@gmail.com,doctor
130,Donetta,Rustice,Donetta.Rustice@yopmail.com,Donetta.Rustice@gmail.com,worker
131,Roxane,Jena,Roxane.Jena@yopmail.com,Roxane.Jena@gmail.com,doctor
132,Fredericka,Wallis,Fredericka.Wallis@yopmail.com,Fredericka.Wallis@gmail.com,worker
133,Orsola,Rese,Orsola.Rese@yopmail.com,Orsola.Rese@gmail.com,firefighter
134,Pollyanna,Reidar,Pollyanna.Reidar@yopmail.com,Pollyanna.Reidar@gmail.com,worker
135,Phylis,Fadiman,Phylis.Fadiman@yopmail.com,Phylis.Fadiman@gmail.com,firefighter
136,Eugine,Quent,Eugine.Quent@yopmail.com,Eugine.Quent@gmail.com,worker
137,Arlena,Knowling,Arlena.Knowling@yopmail.com,Arlena.Knowling@gmail.com,police officer
138,Carilyn,Taima,Carilyn.Taima@yopmail.com,Carilyn.Taima@gmail.com,police officer
139,Meghann,Papageno,Meghann.Papageno@yopmail.com,Meghann.Papageno@gmail.com,police officer
140,Quintina,Schenck,Quintina.Schenck@yopmail.com,Quintina.Schenck@gmail.com,firefighter
141,Nicoli,Elbertina,Nicoli.Elbertina@yopmail.com,Nicoli.Elbertina@gmail.com,doctor
142,Lorie,Weinreb,Lorie.Weinreb@yopmail.com,Lorie.Weinreb@gmail.com,worker
143,Elka,Phyllis,Elka.Phyllis@yopmail.com,Elka.Phyllis@gmail.com,developer
144,Tersina,Morgun,Tersina.Morgun@yopmail.com,Tersina.Morgun@gmail.com,worker
145,Marita,Thar,Marita.Thar@yopmail.com,Marita.Thar@gmail.com,developer
146,Rebeca,Mintz,Rebeca.Mintz@yopmail.com,Rebeca.Mintz@gmail.com,police officer
147,Mellicent,Craggie,Mellicent.Craggie@yopmail.com,Mellicent.Craggie@gmail.com,developer
148,Cathyleen,Shirberg,Cathyleen.Shirberg@yopmail.com,Cathyleen.Shirberg@gmail.com,doctor
149,Chastity,Melony,Chastity.Melony@yopmail.com,Chastity.Melony@gmail.com,worker
150,Loree,Gusella,Loree.Gusella@yopmail.com,Loree.Gusella@gmail.com,police officer
151,Nicoli,Pearse,Nicoli.Pearse@yopmail.com,Nicoli.Pearse@gmail.com,doctor
152,Jany,Howlyn,Jany.Howlyn@yopmail.com,Jany.Howlyn@gmail.com,firefighter
153,Morganica,Ethban,Morganica.Ethban@yopmail.com,Morganica.Ethban@gmail.com,police officer
154,Margarette,Papageno,Margarette.Papageno@yopmail.com,Margarette.Papageno@gmail.com,developer
155,Cyb,Fancie,Cyb.Fancie@yopmail.com,Cyb.Fancie@gmail.com,doctor
156,Candi,Naor,Candi.Naor@yopmail.com,Candi.Naor@gmail.com,firefighter
157,Addia,Ailyn,Addia.Ailyn@yopmail.com,Addia.Ailyn@gmail.com,police officer
158,Chandra,Ethban,Chandra.Ethban@yopmail.com,Chandra.Ethban@gmail.com,developer
159,Janis,Sothena,Janis.Sothena@yopmail.com,Janis.Sothena@gmail.com,police officer
160,Queenie,Cristi,Queenie.Cristi@yopmail.com,Queenie.Cristi@gmail.com,developer
161,Deane,Viddah,Deane.Viddah@yopmail.com,Deane.Viddah@gmail.com,police officer
162,Claudina,Ochs,Claudina.Ochs@yopmail.com,Claudina.Ochs@gmail.com,worker
163,Lily,Dowski,Lily.Dowski@yopmail.com,Lily.Dowski@gmail.com,doctor
164,Florie,Rosemary,Florie.Rosemary@yopmail.com,Florie.Rosemary@gmail.com,firefighter
165,Bobbi,Brandice,Bobbi.Brandice@yopmail.com,Bobbi.Brandice@gmail.com,worker
166,Kaja,Hebner,Kaja.Hebner@yopmail.com,Kaja.Hebner@gmail.com,developer
167,Reeba,Orelee,Reeba.Orelee@yopmail.com,Reeba.Orelee@gmail.com,doctor
168,Anica,Sheng,Anica.Sheng@yopmail.com,Anica.Sheng@gmail.com,firefighter
169,Jenilee,Natalia,Jenilee.Natalia@yopmail.com,Jenilee.Natalia@gmail.com,developer
170,Kalina,Parsaye,Kalina.Parsaye@yopmail.com,Kalina.Parsaye@gmail.com,worker
171,Cherilyn,Lareena,Cherilyn.Lareena@yopmail.com,Cherilyn.Lareena@gmail.com,worker
172,Sheree,Damarra,Sheree.Damarra@yopmail.com,Sheree.Damarra@gmail.com,worker
173,Shaylyn,Edvard,Shaylyn.Edvard@yopmail.com,Shaylyn.Edvard@gmail.com,police officer
174,Kore,Virgin,Kore.Virgin@yopmail.com,Kore.Virgin@gmail.com,doctor
175,Karly,Phaidra,Karly.Phaidra@yopmail.com,Karly.Phaidra@gmail.com,firefighter
176,Giustina,Stanwood,Giustina.Stanwood@yopmail.com,Giustina.Stanwood@gmail.com,worker
177,Sallie,Lewes,Sallie.Lewes@yopmail.com,Sallie.Lewes@gmail.com,police officer
178,Randa,Susannah,Randa.Susannah@yopmail.com,Randa.Susannah@gmail.com,doctor
179,Catrina,Alwin,Catrina.Alwin@yopmail.com,Catrina.Alwin@gmail.com,doctor
180,Theodora,Hoenack,Theodora.Hoenack@yopmail.com,Theodora.Hoenack@gmail.com,worker
181,Margarette,Jillane,Margarette.Jillane@yopmail.com,Margarette.Jillane@gmail.com,developer
182,Shaylyn,Shaddock,Shaylyn.Shaddock@yopmail.com,Shaylyn.Shaddock@gmail.com,worker
183,Vevay,Felizio,Vevay.Felizio@yopmail.com,Vevay.Felizio@gmail.com,firefighter
184,Meg,Wu,Meg.Wu@yopmail.com,Meg.Wu@gmail.com,doctor
185,Jinny,Gahl,Jinny.Gahl@yopmail.com,Jinny.Gahl@gmail.com,police officer
186,Jolyn,Hourigan,Jolyn.Hourigan@yopmail.com,Jolyn.Hourigan@gmail.com,worker
187,Dorthy,Zetta,Dorthy.Zetta@yopmail.com,Dorthy.Zetta@gmail.com,police officer
188,Mahalia,Peonir,Mahalia.Peonir@yopmail.com,Mahalia.Peonir@gmail.com,worker
189,Kaia,Skurnik,Kaia.Skurnik@yopmail.com,Kaia.Skurnik@gmail.com,firefighter
190,Carly,Kronfeld,Carly.Kronfeld@yopmail.com,Carly.Kronfeld@gmail.com,developer
191,Cam,Adlare,Cam.Adlare@yopmail.com,Cam.Adlare@gmail.com,police officer
192,Micheline,Ehrman,Micheline.Ehrman@yopmail.com,Micheline.Ehrman@gmail.com,worker
193,Shauna,Bonilla,Shauna.Bonilla@yopmail.com,Shauna.Bonilla@gmail.com,worker
194,Dominga,Yoko,Dominga.Yoko@yopmail.com,Dominga.Yoko@gmail.com,police officer
195,Lilith,Hubert,Lilith.Hubert@yopmail.com,Lilith.Hubert@gmail.com,police officer
196,Celisse,Wiener,Celisse.Wiener@yopmail.com,Celisse.Wiener@gmail.com,worker
197,Miquela,Radu,Miquela.Radu@yopmail.com,Miquela.Radu@gmail.com,worker
198,Tracey,Buttaro,Tracey.Buttaro@yopmail.com,Tracey.Buttaro@gmail.com,firefighter
199,Elyssa,Ciapas,Elyssa.Ciapas@yopmail.com,Elyssa.Ciapas@gmail.com,firefighter
200,Brana,Jethro,Brana.Jethro@yopmail.com,Brana.Jethro@gmail.com,developer
201,Almeta,Darrell,Almeta.Darrell@yopmail.com,Almeta.Darrell@gmail.com,doctor
202,Edee,Mauer,Edee.Mauer@yopmail.com,Edee.Mauer@gmail.com,worker
203,Janeczka,Thad,Janeczka.Thad@yopmail.com,Janeczka.Thad@gmail.com,firefighter
204,Coral,Hylan,Coral.Hylan@yopmail.com,Coral.Hylan@gmail.com,doctor
205,Tomasina,Japeth,Tomasina.Japeth@yopmail.com,Tomasina.Japeth@gmail.com,developer
206,Arlina,Cohdwell,Arlina.Cohdwell@yopmail.com,Arlina.Cohdwell@gmail.com,firefighter
207,Belva,Birdella,Belva.Birdella@yopmail.com,Belva.Birdella@gmail.com,firefighter
208,Ardenia,Fiester,Ardenia.Fiester@yopmail.com,Ardenia.Fiester@gmail.com,worker
209,Arlina,Johnsson,Arlina.Johnsson@yopmail.com,Arlina.Johnsson@gmail.com,doctor
210,Rhoda,Kress,Rhoda.Kress@yopmail.com,Rhoda.Kress@gmail.com,worker
211,Betta,Roxanna,Betta.Roxanna@yopmail.com,Betta.Roxanna@gmail.com,doctor
212,Flo,Sekofski,Flo.Sekofski@yopmail.com,Flo.Sekofski@gmail.com,worker
213,Verla,Turne,Verla.Turne@yopmail.com,Verla.Turne@gmail.com,developer
214,Marsiella,Edee,Marsiella.Edee@yopmail.com,Marsiella.Edee@gmail.com,doctor
215,Tobe,Felecia,Tobe.Felecia@yopmail.com,Tobe.Felecia@gmail.com,doctor
216,Fawne,Atonsah,Fawne.Atonsah@yopmail.com,Fawne.Atonsah@gmail.com,developer
217,Yetty,Amasa,Yetty.Amasa@yopmail.com,Yetty.Amasa@gmail.com,developer
218,Layla,Linskey,Layla.Linskey@yopmail.com,Layla.Linskey@gmail.com,developer
219,Ulrike,Winnick,Ulrike.Winnick@yopmail.com,Ulrike.Winnick@gmail.com,developer
220,Hayley,Dimitris,Hayley.Dimitris@yopmail.com,Hayley.Dimitris@gmail.com,firefighter
221,Aryn,Voletta,Aryn.Voletta@yopmail.com,Aryn.Voletta@gmail.com,police officer
222,Deloria,Breed,Deloria.Breed@yopmail.com,Deloria.Breed@gmail.com,police officer
223,Barbara,Cutlerr,Barbara.Cutlerr@yopmail.com,Barbara.Cutlerr@gmail.com,doctor
224,Carmencita,Teddman,Carmencita.Teddman@yopmail.com,Carmencita.Teddman@gmail.com,firefighter
225,Nataline,Roarke,Nataline.Roarke@yopmail.com,Nataline.Roarke@gmail.com,doctor
226,Robbi,Middleton,Robbi.Middleton@yopmail.com,Robbi.Middleton@gmail.com,police officer
227,Natka,Darrell,Natka.Darrell@yopmail.com,Natka.Darrell@gmail.com,firefighter
228,Hallie,Chrystel,Hallie.Chrystel@yopmail.com,Hallie.Chrystel@gmail.com,doctor
229,Selma,Hachmin,Selma.Hachmin@yopmail.com,Selma.Hachmin@gmail.com,police officer
230,Meriel,Hunfredo,Meriel.Hunfredo@yopmail.com,Meriel.Hunfredo@gmail.com,worker
231,Jessy,Esmaria,Jessy.Esmaria@yopmail.com,Jessy.Esmaria@gmail.com,doctor
232,Charmaine,Mehalek,Charmaine.Mehalek@yopmail.com,Charmaine.Mehalek@gmail.com,firefighter
233,Shirlee,Erich,Shirlee.Erich@yopmail.com,Shirlee.Erich@gmail.com,worker
234,Amelia,Wenda,Amelia.Wenda@yopmail.com,Amelia.Wenda@gmail.com,firefighter
235,Danny,Sallyann,Danny.Sallyann@yopmail.com,Danny.Sallyann@gmail.com,firefighter
236,Tabbatha,Fontana,Tabbatha.Fontana@yopmail.com,Tabbatha.Fontana@gmail.com,worker
237,Adore,Fancie,Adore.Fancie@yopmail.com,Adore.Fancie@gmail.com,firefighter
238,Evita,Poll,Evita.Poll@yopmail.com,Evita.Poll@gmail.com,firefighter
239,Madeleine,Madaih,Madeleine.Madaih@yopmail.com,Madeleine.Madaih@gmail.com,worker
240,Tobe,Berne,Tobe.Berne@yopmail.com,Tobe.Berne@gmail.com,worker
241,Corene,Zrike,Corene.Zrike@yopmail.com,Corene.Zrike@gmail.com,developer
242,Brena,Belanger,Brena.Belanger@yopmail.com,Brena.Belanger@gmail.com,developer
243,Aurelie,Jethro,Aurelie.Jethro@yopmail.com,Aurelie.Jethro@gmail.com,police officer
244,Corry,Rozanna,Corry.Rozanna@yopmail.com,Corry.Rozanna@gmail.com,police officer
245,Demetris,Zrike,Demetris.Zrike@yopmail.com,Demetris.Zrike@gmail.com,worker
246,Merry,Raffo,Merry.Raffo@yopmail.com,Merry.Raffo@gmail.com,firefighter
247,Genevra,Sadowski,Genevra.Sadowski@yopmail.com,Genevra.Sadowski@gmail.com,developer
248,Maud,Ciro,Maud.Ciro@yopmail.com,Maud.Ciro@gmail.com,firefighter
249,Lucille,Bakerman,Lucille.Bakerman@yopmail.com,Lucille.Bakerman@gmail.com,developer
250,Elka,Avi,Elka.Avi@yopmail.com,Elka.Avi@gmail.com,firefighter
251,Ginnie,Kristi,Ginnie.Kristi@yopmail.com,Ginnie.Kristi@gmail.com,police officer
252,Andree,Garek,Andree.Garek@yopmail.com,Andree.Garek@gmail.com,doctor
253,Rosene,Bates,Rosene.Bates@yopmail.com,Rosene.Bates@gmail.com,police officer
254,Oona,Merat,Oona.Merat@yopmail.com,Oona.Merat@gmail.com,doctor
255,Lanna,Terencio,Lanna.Terencio@yopmail.com,Lanna.Terencio@gmail.com,police officer
256,Suzette,Odysseus,Suzette.Odysseus@yopmail.com,Suzette.Odysseus@gmail.com,developer
257,Anthia,Cutlerr,Anthia.Cutlerr@yopmail.com,Anthia.Cutlerr@gmail.com,police officer
258,Bee,Vilma,Bee.Vilma@yopmail.com,Bee.Vilma@gmail.com,firefighter
259,Gabriellia,Weinreb,Gabriellia.Weinreb@yopmail.com,Gabriellia.Weinreb@gmail.com,police officer
260,Tracey,Stelle,Tracey.Stelle@yopmail.com,Tracey.Stelle@gmail.com,doctor
261,Donetta,Rodmann,Donetta.Rodmann@yopmail.com,Donetta.Rodmann@gmail.com,worker
262,Nicoli,Kiyoshi,Nicoli.Kiyoshi@yopmail.com,Nicoli.Kiyoshi@gmail.com,firefighter
263,Rhoda,Marden,Rhoda.Marden@yopmail.com,Rhoda.Marden@gmail.com,developer
264,Asia,Donoghue,Asia.Donoghue@yopmail.com,Asia.Donoghue@gmail.com,police officer
265,Donnie,Ralfston,Donnie.Ralfston@yopmail.com,Donnie.Ralfston@gmail.com,worker
266,Loree,Ophelia,Loree.Ophelia@yopmail.com,Loree.Ophelia@gmail.com,firefighter
267,Vinita,Justinn,Vinita.Justinn@yopmail.com,Vinita.Justinn@gmail.com,firefighter
268,Elvira,Wenoa,Elvira.Wenoa@yopmail.com,Elvira.Wenoa@gmail.com,police officer
269,Addia,Brieta,Addia.Brieta@yopmail.com,Addia.Brieta@gmail.com,developer
270,Ericka,Lissi,Ericka.Lissi@yopmail.com,Ericka.Lissi@gmail.com,worker
271,Zaria,Raimondo,Zaria.Raimondo@yopmail.com,Zaria.Raimondo@gmail.com,firefighter
272,Agathe,Phyllis,Agathe.Phyllis@yopmail.com,Agathe.Phyllis@gmail.com,firefighter
273,Maurene,Lucienne,Maurene.Lucienne@yopmail.com,Maurene.Lucienne@gmail.com,doctor
274,Arlina,Poll,Arlina.Poll@yopmail.com,Arlina.Poll@gmail.com,worker
275,Sheelagh,Cyrie,Sheelagh.Cyrie@yopmail.com,Sheelagh.Cyrie@gmail.com,worker
276,Joeann,Natalia,Joeann.Natalia@yopmail.com,Joeann.Natalia@gmail.com,police officer
277,Kelly,Wiener,Kelly.Wiener@yopmail.com,Kelly.Wiener@gmail.com,firefighter
278,Tomasina,Brodench,Tomasina.Brodench@yopmail.com,Tomasina.Brodench@gmail.com,police officer
279,Theodora,Tarrant,Theodora.Tarrant@yopmail.com,Theodora.Tarrant@gmail.com,doctor
280,Leona,Armanda,Leona.Armanda@yopmail.com,Leona.Armanda@gmail.com,worker
281,Alyssa,Isidore,Alyssa.Isidore@yopmail.com,Alyssa.Isidore@gmail.com,firefighter
282,Ann-Marie,Mozelle,Ann-Marie.Mozelle@yopmail.com,Ann-Marie.Mozelle@gmail.com,firefighter
283,Kirbee,Garrison,Kirbee.Garrison@yopmail.com,Kirbee.Garrison@gmail.com,firefighter
284,Violet,Dunkin,Violet.Dunkin@yopmail.com,Violet.Dunkin@gmail.com,police officer
285,Bertine,Carolin,Bertine.Carolin@yopmail.com,Bertine.Carolin@gmail.com,firefighter
286,Lulita,Kunin,Lulita.Kunin@yopmail.com,Lulita.Kunin@gmail.com,doctor
287,Corina,Wilona,Corina.Wilona@yopmail.com,Corina.Wilona@gmail.com,police officer
288,Jenda,Whiffen,Jenda.Whiffen@yopmail.com,Jenda.Whiffen@gmail.com,firefighter
289,Beth,Maples,Beth.Maples@yopmail.com,Beth.Maples@gmail.com,developer
290,Diena,Margret,Diena.Margret@yopmail.com,Diena.Margret@gmail.com,developer
291,Mallory,Atonsah,Mallory.Atonsah@yopmail.com,Mallory.Atonsah@gmail.com,worker
292,Ariela,Atonsah,Ariela.Atonsah@yopmail.com,Ariela.Atonsah@gmail.com,developer
293,Glynnis,Schalles,Glynnis.Schalles@yopmail.com,Glynnis.Schalles@gmail.com,worker
294,Correy,Devlen,Correy.Devlen@yopmail.com,Correy.Devlen@gmail.com,firefighter
295,Queenie,Joseph,Queenie.Joseph@yopmail.com,Queenie.Joseph@gmail.com,developer
296,Miquela,Izaak,Miquela.Izaak@yopmail.com,Miquela.Izaak@gmail.com,doctor
297,Flory,Isidore,Flory.Isidore@yopmail.com,Flory.Isidore@gmail.com,developer
298,Wilma,Melleta,Wilma.Melleta@yopmail.com,Wilma.Melleta@gmail.com,developer
299,Evita,Kussell,Evita.Kussell@yopmail.com,Evita.Kussell@gmail.com,doctor
300,Rozele,Ade,Rozele.Ade@yopmail.com,Rozele.Ade@gmail.com,developer
301,Adore,Oscar,Adore.Oscar@yopmail.com,Adore.Oscar@gmail.com,worker
302,Linzy,Medrek,Linzy.Medrek@yopmail.com,Linzy.Medrek@gmail.com,firefighter
303,Annora,Pascia,Annora.Pascia@yopmail.com,Annora.Pascia@gmail.com,doctor
304,Loree,Weide,Loree.Weide@yopmail.com,Loree.Weide@gmail.com,worker
305,Fanchon,Mott,Fanchon.Mott@yopmail.com,Fanchon.Mott@gmail.com,firefighter
306,Penelopa,Maroney,Penelopa.Maroney@yopmail.com,Penelopa.Maroney@gmail.com,developer
307,Hettie,Bari,Hettie.Bari@yopmail.com,Hettie.Bari@gmail.com,firefighter
308,Tracey,Irmine,Tracey.Irmine@yopmail.com,Tracey.Irmine@gmail.com,police officer
309,Leeanne,August,Leeanne.August@yopmail.com,Leeanne.August@gmail.com,worker
310,Vevay,Tarrant,Vevay.Tarrant@yopmail.com,Vevay.Tarrant@gmail.com,firefighter
311,Lonnie,Percy,Lonnie.Percy@yopmail.com,Lonnie.Percy@gmail.com,worker
312,Gwyneth,Holbrook,Gwyneth.Holbrook@yopmail.com,Gwyneth.Holbrook@gmail.com,developer
313,Cissiee,Velick,Cissiee.Velick@yopmail.com,Cissiee.Velick@gmail.com,developer
314,Dione,Sekofski,Dione.Sekofski@yopmail.com,Dione.Sekofski@gmail.com,police officer
315,Gwenneth,Kesley,Gwenneth.Kesley@yopmail.com,Gwenneth.Kesley@gmail.com,doctor
316,Imojean,Baptlsta,Imojean.Baptlsta@yopmail.com,Imojean.Baptlsta@gmail.com,worker
317,Amara,Ortrude,Amara.Ortrude@yopmail.com,Amara.Ortrude@gmail.com,police officer
318,Kara-Lynn,Natalia,Kara-Lynn.Natalia@yopmail.com,Kara-Lynn.Natalia@gmail.com,firefighter
319,Maridel,Koehler,Maridel.Koehler@yopmail.com,Maridel.Koehler@gmail.com,worker
320,Teriann,Grimbly,Teriann.Grimbly@yopmail.com,Teriann.Grimbly@gmail.com,doctor
321,Beverley,Keily,Beverley.Keily@yopmail.com,Beverley.Keily@gmail.com,police officer
322,Blinni,Elo,Blinni.Elo@yopmail.com,Blinni.Elo@gmail.com,police officer
323,Pierette,Bach,Pierette.Bach@yopmail.com,Pierette.Bach@gmail.com,worker
324,Joelly,Raama,Joelly.Raama@yopmail.com,Joelly.Raama@gmail.com,worker
325,Calla,Germann,Calla.Germann@yopmail.com,Calla.Germann@gmail.com,worker
326,Mary,Lenny,Mary.Lenny@yopmail.com,Mary.Lenny@gmail.com,police officer
327,Kylynn,Pettiford,Kylynn.Pettiford@yopmail.com,Kylynn.Pettiford@gmail.com,doctor
328,Melina,Bultman,Melina.Bultman@yopmail.com,Melina.Bultman@gmail.com,firefighter
329,Gerianna,Clara,Gerianna.Clara@yopmail.com,Gerianna.Clara@gmail.com,developer
330,Mamie,Imelida,Mamie.Imelida@yopmail.com,Mamie.Imelida@gmail.com,police officer
331,Delilah,Bryna,Delilah.Bryna@yopmail.com,Delilah.Bryna@gmail.com,developer
332,Lynea,Baylor,Lynea.Baylor@yopmail.com,Lynea.Baylor@gmail.com,developer
333,Kassey,Secrest,Kassey.Secrest@yopmail.com,Kassey.Secrest@gmail.com,developer
334,Fawne,Posner,Fawne.Posner@yopmail.com,Fawne.Posner@gmail.com,worker
335,Libbie,Kosey,Libbie.Kosey@yopmail.com,Libbie.Kosey@gmail.com,police officer
336,Lorie,Center,Lorie.Center@yopmail.com,Lorie.Center@gmail.com,police officer
337,Elyssa,Chinua,Elyssa.Chinua@yopmail.com,Elyssa.Chinua@gmail.com,developer
338,Sean,Niccolo,Sean.Niccolo@yopmail.com,Sean.Niccolo@gmail.com,firefighter
339,Lanae,Riordan,Lanae.Riordan@yopmail.com,Lanae.Riordan@gmail.com,developer
340,Winifred,Land,Winifred.Land@yopmail.com,Winifred.Land@gmail.com,doctor
341,Caressa,Wildermuth,Caressa.Wildermuth@yopmail.com,Caressa.Wildermuth@gmail.com,worker
342,Amalie,Stuart,Amalie.Stuart@yopmail.com,Amalie.Stuart@gmail.com,developer
343,Quintina,Odell,Quintina.Odell@yopmail.com,Quintina.Odell@gmail.com,worker
344,Britte,Corilla,Britte.Corilla@yopmail.com,Britte.Corilla@gmail.com,developer
345,Dode,Toni,Dode.Toni@yopmail.com,Dode.Toni@gmail.com,police officer
346,Rosene,Chick,Rosene.Chick@yopmail.com,Rosene.Chick@gmail.com,worker
347,Nickie,Eckblad,Nickie.Eckblad@yopmail.com,Nickie.Eckblad@gmail.com,doctor
348,Perry,Greyson,Perry.Greyson@yopmail.com,Perry.Greyson@gmail.com,worker
349,Alyssa,Zina,Alyssa.Zina@yopmail.com,Alyssa.Zina@gmail.com,developer
350,Hollie,Xerxes,Hollie.Xerxes@yopmail.com,Hollie.Xerxes@gmail.com,firefighter
351,Frieda,Longfellow,Frieda.Longfellow@yopmail.com,Frieda.Longfellow@gmail.com,doctor
352,Ursulina,Jaylene,Ursulina.Jaylene@yopmail.com,Ursulina.Jaylene@gmail.com,firefighter
353,Desirae,Hazlett,Desirae.Hazlett@yopmail.com,Desirae.Hazlett@gmail.com,police officer
354,Di,Lacombe,Di.Lacombe@yopmail.com,Di.Lacombe@gmail.com,worker
355,Maridel,Noam,Maridel.Noam@yopmail.com,Maridel.Noam@gmail.com,doctor
356,Corly,Deny,Corly.Deny@yopmail.com,Corly.Deny@gmail.com,police officer
357,Angelique,Telfer,Angelique.Telfer@yopmail.com,Angelique.Telfer@gmail.com,police officer
358,Marti,Schwejda,Marti.Schwejda@yopmail.com,Marti.Schwejda@gmail.com,firefighter
359,Lory,Ludewig,Lory.Ludewig@yopmail.com,Lory.Ludewig@gmail.com,police officer
360,Roseline,Arne,Roseline.Arne@yopmail.com,Roseline.Arne@gmail.com,developer
361,Kylynn,Silvan,Kylynn.Silvan@yopmail.com,Kylynn.Silvan@gmail.com,doctor
362,Mireielle,Dudley,Mireielle.Dudley@yopmail.com,Mireielle.Dudley@gmail.com,worker
363,Glenda,Martsen,Glenda.Martsen@yopmail.com,Glenda.Martsen@gmail.com,firefighter
364,Claudina,Boycey,Claudina.Boycey@yopmail.com,Claudina.Boycey@gmail.com,doctor
365,Riannon,Papageno,Riannon.Papageno@yopmail.com,Riannon.Papageno@gmail.com,firefighter
366,Linet,Dowski,Linet.Dowski@yopmail.com,Linet.Dowski@gmail.com,police officer
367,Shannah,Tremayne,Shannah.Tremayne@yopmail.com,Shannah.Tremayne@gmail.com,police officer
368,Kamilah,Cynar,Kamilah.Cynar@yopmail.com,Kamilah.Cynar@gmail.com,firefighter
369,Neila,Ahab,Neila.Ahab@yopmail.com,Neila.Ahab@gmail.com,doctor
370,Penelopa,Burnside,Penelopa.Burnside@yopmail.com,Penelopa.Burnside@gmail.com,police officer
371,Fernande,Maryanne,Fernande.Maryanne@yopmail.com,Fernande.Maryanne@gmail.com,police officer
372,Cyb,Edison,Cyb.Edison@yopmail.com,Cyb.Edison@gmail.com,firefighter
373,Katleen,Papageno,Katleen.Papageno@yopmail.com,Katleen.Papageno@gmail.com,firefighter
374,Deirdre,Miru,Deirdre.Miru@yopmail.com,Deirdre.Miru@gmail.com,firefighter
375,Krystle,Carbo,Krystle.Carbo@yopmail.com,Krystle.Carbo@gmail.com,worker
376,Shannah,Brotherson,Shannah.Brotherson@yopmail.com,Shannah.Brotherson@gmail.com,firefighter
377,Harmonia,Quent,Harmonia.Quent@yopmail.com,Harmonia.Quent@gmail.com,police officer
378,Albertina,Wu,Albertina.Wu@yopmail.com,Albertina.Wu@gmail.com,worker
379,Bettine,Codding,Bettine.Codding@yopmail.com,Bettine.Codding@gmail.com,doctor
380,Silvana,Gerge,Silvana.Gerge@yopmail.com,Silvana.Gerge@gmail.com,developer
381,Kassey,Markman,Kassey.Markman@yopmail.com,Kassey.Markman@gmail.com,worker
382,Kirbee,Gaulin,Kirbee.Gaulin@yopmail.com,Kirbee.Gaulin@gmail.com,worker
383,Corina,Greyson,Corina.Greyson@yopmail.com,Corina.Greyson@gmail.com,worker
384,Di,Cornelia,Di.Cornelia@yopmail.com,Di.Cornelia@gmail.com,doctor
385,Benita,Zitvaa,Benita.Zitvaa@yopmail.com,Benita.Zitvaa@gmail.com,police officer
386,Evita,Latini,Evita.Latini@yopmail.com,Evita.Latini@gmail.com,doctor
387,Perry,Madox,Perry.Madox@yopmail.com,Perry.Madox@gmail.com,doctor
388,Lorie,Velick,Lorie.Velick@yopmail.com,Lorie.Velick@gmail.com,worker
389,Ricky,Noman,Ricky.Noman@yopmail.com,Ricky.Noman@gmail.com,police officer
390,Mahalia,Eno,Mahalia.Eno@yopmail.com,Mahalia.Eno@gmail.com,firefighter
391,Michaelina,Phyllis,Michaelina.Phyllis@yopmail.com,Michaelina.Phyllis@gmail.com,firefighter
392,Flo,Santoro,Flo.Santoro@yopmail.com,Flo.Santoro@gmail.com,worker
393,Frank,Earlie,Frank.Earlie@yopmail.com,Frank.Earlie@gmail.com,developer
394,Violet,Lia,Violet.Lia@yopmail.com,Violet.Lia@gmail.com,worker
395,Bibby,Medrek,Bibby.Medrek@yopmail.com,Bibby.Medrek@gmail.com,police officer
396,Ingrid,Corabella,Ingrid.Corabella@yopmail.com,Ingrid.Corabella@gmail.com,firefighter
397,Robinia,Brian,Robinia.Brian@yopmail.com,Robinia.Brian@gmail.com,police officer
398,Jany,Ashely,Jany.Ashely@yopmail.com,Jany.Ashely@gmail.com,worker
399,Molli,Harday,Molli.Harday@yopmail.com,Molli.Harday@gmail.com,firefighter
400,Romona,Kussell,Romona.Kussell@yopmail.com,Romona.Kussell@gmail.com,developer
401,Lizzie,Philoo,Lizzie.Philoo@yopmail.com,Lizzie.Philoo@gmail.com,worker
402,Tobe,Merat,Tobe.Merat@yopmail.com,Tobe.Merat@gmail.com,doctor
403,Celisse,Goode,Celisse.Goode@yopmail.com,Celisse.Goode@gmail.com,police officer
404,Nariko,Kathie,Nariko.Kathie@yopmail.com,Nariko.Kathie@gmail.com,worker
405,Lorenza,Lubin,Lorenza.Lubin@yopmail.com,Lorenza.Lubin@gmail.com,police officer
406,Aurore,Hertzfeld,Aurore.Hertzfeld@yopmail.com,Aurore.Hertzfeld@gmail.com,worker
407,Marcy,Philoo,Marcy.Philoo@yopmail.com,Marcy.Philoo@gmail.com,doctor
408,Ermengarde,Firmin,Ermengarde.Firmin@yopmail.com,Ermengarde.Firmin@gmail.com,police officer
409,Antonietta,Pacorro,Antonietta.Pacorro@yopmail.com,Antonietta.Pacorro@gmail.com,worker
410,Ashlee,Newell,Ashlee.Newell@yopmail.com,Ashlee.Newell@gmail.com,worker
411,Paulita,Gualtiero,Paulita.Gualtiero@yopmail.com,Paulita.Gualtiero@gmail.com,worker
412,Tressa,Kirstin,Tressa.Kirstin@yopmail.com,Tressa.Kirstin@gmail.com,worker
413,Deedee,Creamer,Deedee.Creamer@yopmail.com,Deedee.Creamer@gmail.com,firefighter
414,Ardys,Lucienne,Ardys.Lucienne@yopmail.com,Ardys.Lucienne@gmail.com,firefighter
415,Amalie,Sinegold,Amalie.Sinegold@yopmail.com,Amalie.Sinegold@gmail.com,worker
416,Siana,Ellord,Siana.Ellord@yopmail.com,Siana.Ellord@gmail.com,firefighter
417,Marguerite,Meter,Marguerite.Meter@yopmail.com,Marguerite.Meter@gmail.com,firefighter
418,Gerianna,Seumas,Gerianna.Seumas@yopmail.com,Gerianna.Seumas@gmail.com,firefighter
419,Merle,Ciro,Merle.Ciro@yopmail.com,Merle.Ciro@gmail.com,developer
420,Marcy,Martguerita,Marcy.Martguerita@yopmail.com,Marcy.Martguerita@gmail.com,worker
421,Elvira,Hortensia,Elvira.Hortensia@yopmail.com,Elvira.Hortensia@gmail.com,developer
422,Tami,Ulphia,Tami.Ulphia@yopmail.com,Tami.Ulphia@gmail.com,doctor
423,Ellette,Dulciana,Ellette.Dulciana@yopmail.com,Ellette.Dulciana@gmail.com,police officer
424,Tracey,Jena,Tracey.Jena@yopmail.com,Tracey.Jena@gmail.com,police officer
425,Cherilyn,Alfons,Cherilyn.Alfons@yopmail.com,Cherilyn.Alfons@gmail.com,worker
426,Marti,Heisel,Marti.Heisel@yopmail.com,Marti.Heisel@gmail.com,firefighter
427,Theodora,Keelia,Theodora.Keelia@yopmail.com,Theodora.Keelia@gmail.com,developer
428,Shauna,Dudley,Shauna.Dudley@yopmail.com,Shauna.Dudley@gmail.com,firefighter
429,Tobe,Dichy,Tobe.Dichy@yopmail.com,Tobe.Dichy@gmail.com,doctor
430,Tobe,Emanuel,Tobe.Emanuel@yopmail.com,Tobe.Emanuel@gmail.com,firefighter
431,Tressa,Baudin,Tressa.Baudin@yopmail.com,Tressa.Baudin@gmail.com,worker
432,Aeriela,Taam,Aeriela.Taam@yopmail.com,Aeriela.Taam@gmail.com,developer
433,Netty,Raul,Netty.Raul@yopmail.com,Netty.Raul@gmail.com,police officer
434,Janenna,Schlosser,Janenna.Schlosser@yopmail.com,Janenna.Schlosser@gmail.com,developer
435,Renae,Riva,Renae.Riva@yopmail.com,Renae.Riva@gmail.com,firefighter
436,Bertine,Pozzy,Bertine.Pozzy@yopmail.com,Bertine.Pozzy@gmail.com,developer
437,Siana,Teryn,Siana.Teryn@yopmail.com,Siana.Teryn@gmail.com,worker
438,Basia,Norrie,Basia.Norrie@yopmail.com,Basia.Norrie@gmail.com,developer
439,Corly,Merell,Corly.Merell@yopmail.com,Corly.Merell@gmail.com,worker
440,Lyssa,Zina,Lyssa.Zina@yopmail.com,Lyssa.Zina@gmail.com,firefighter
441,Berta,Orlene,Berta.Orlene@yopmail.com,Berta.Orlene@gmail.com,developer
442,Mureil,Marden,Mureil.Marden@yopmail.com,Mureil.Marden@gmail.com,developer
443,Tatiania,Fairweather,Tatiania.Fairweather@yopmail.com,Tatiania.Fairweather@gmail.com,developer
444,Marnia,Brodench,Marnia.Brodench@yopmail.com,Marnia.Brodench@gmail.com,worker
445,Kristina,Isacco,Kristina.Isacco@yopmail.com,Kristina.Isacco@gmail.com,firefighter
446,Lanae,Kendrick,Lanae.Kendrick@yopmail.com,Lanae.Kendrick@gmail.com,doctor
447,Bobbi,Merriott,Bobbi.Merriott@yopmail.com,Bobbi.Merriott@gmail.com,police officer
448,Brietta,Astra,Brietta.Astra@yopmail.com,Brietta.Astra@gmail.com,developer
449,Almeta,Marcellus,Almeta.Marcellus@yopmail.com,Almeta.Marcellus@gmail.com,firefighter
450,Carolina,Peg,Carolina.Peg@yopmail.com,Carolina.Peg@gmail.com,doctor
451,Romona,McLaughlin,Romona.McLaughlin@yopmail.com,Romona.McLaughlin@gmail.com,developer
452,Viki,Edison,Viki.Edison@yopmail.com,Viki.Edison@gmail.com,police officer
453,Dotty,Lia,Dotty.Lia@yopmail.com,Dotty.Lia@gmail.com,firefighter
454,Bill,Adlare,Bill.Adlare@yopmail.com,Bill.Adlare@gmail.com,firefighter
455,Daphne,Noam,Daphne.Noam@yopmail.com,Daphne.Noam@gmail.com,doctor
456,Cristine,Dalli,Cristine.Dalli@yopmail.com,Cristine.Dalli@gmail.com,police officer
457,Yolane,Idelia,Yolane.Idelia@yopmail.com,Yolane.Idelia@gmail.com,developer
458,Ronna,Si,Ronna.Si@yopmail.com,Ronna.Si@gmail.com,doctor
459,Tilly,Ade,Tilly.Ade@yopmail.com,Tilly.Ade@gmail.com,firefighter
460,Lita,Fiester,Lita.Fiester@yopmail.com,Lita.Fiester@gmail.com,police officer
461,Emma,Bearnard,Emma.Bearnard@yopmail.com,Emma.Bearnard@gmail.com,developer
462,Fidelia,Velick,Fidelia.Velick@yopmail.com,Fidelia.Velick@gmail.com,police officer
463,Harmonia,Aurelio,Harmonia.Aurelio@yopmail.com,Harmonia.Aurelio@gmail.com,doctor
464,Emylee,Behre,Emylee.Behre@yopmail.com,Emylee.Behre@gmail.com,police officer
465,Adelle,Peti,Adelle.Peti@yopmail.com,Adelle.Peti@gmail.com,firefighter
466,Noelle,Melony,Noelle.Melony@yopmail.com,Noelle.Melony@gmail.com,worker
467,Selma,Klemperer,Selma.Klemperer@yopmail.com,Selma.Klemperer@gmail.com,firefighter
468,Gilligan,Rudolph,Gilligan.Rudolph@yopmail.com,Gilligan.Rudolph@gmail.com,developer
469,Farrah,Albertine,Farrah.Albertine@yopmail.com,Farrah.Albertine@gmail.com,firefighter
470,Kaia,Pascia,Kaia.Pascia@yopmail.com,Kaia.Pascia@gmail.com,police officer
471,Hannis,Evangelia,Hannis.Evangelia@yopmail.com,Hannis.Evangelia@gmail.com,developer
472,Madalyn,Monk,Madalyn.Monk@yopmail.com,Madalyn.Monk@gmail.com,firefighter
473,Edee,Tarrant,Edee.Tarrant@yopmail.com,Edee.Tarrant@gmail.com,developer
474,Carly,Yoko,Carly.Yoko@yopmail.com,Carly.Yoko@gmail.com,firefighter
475,Wanda,Dosia,Wanda.Dosia@yopmail.com,Wanda.Dosia@gmail.com,firefighter
476,Ulrike,Kosey,Ulrike.Kosey@yopmail.com,Ulrike.Kosey@gmail.com,doctor
477,Althea,Franza,Althea.Franza@yopmail.com,Althea.Franza@gmail.com,police officer
478,Desirae,Monk,Desirae.Monk@yopmail.com,Desirae.Monk@gmail.com,doctor
479,Amelia,Gibbeon,Amelia.Gibbeon@yopmail.com,Amelia.Gibbeon@gmail.com,doctor
480,Georgetta,Wallis,Georgetta.Wallis@yopmail.com,Georgetta.Wallis@gmail.com,worker
481,Consuela,Stover,Consuela.Stover@yopmail.com,Consuela.Stover@gmail.com,worker
482,Zaria,Grosz,Zaria.Grosz@yopmail.com,Zaria.Grosz@gmail.com,developer
483,Fayre,Nore,Fayre.Nore@yopmail.com,Fayre.Nore@gmail.com,firefighter
484,Raquela,Sawtelle,Raquela.Sawtelle@yopmail.com,Raquela.Sawtelle@gmail.com,developer
485,Lanna,Shelba,Lanna.Shelba@yopmail.com,Lanna.Shelba@gmail.com,worker
486,Kate,Malanie,Kate.Malanie@yopmail.com,Kate.Malanie@gmail.com,developer
487,Tani,Strephon,Tani.Strephon@yopmail.com,Tani.Strephon@gmail.com,developer
488,Leia,Thornburg,Leia.Thornburg@yopmail.com,Leia.Thornburg@gmail.com,firefighter
489,Susette,Cyrie,Susette.Cyrie@yopmail.com,Susette.Cyrie@gmail.com,police officer
490,Maye,Bobbee,Maye.Bobbee@yopmail.com,Maye.Bobbee@gmail.com,police officer
491,Donetta,Shaddock,Donetta.Shaddock@yopmail.com,Donetta.Shaddock@gmail.com,developer
492,Ruthe,Saint,Ruthe.Saint@yopmail.com,Ruthe.Saint@gmail.com,firefighter
493,Diena,Weide,Diena.Weide@yopmail.com,Diena.Weide@gmail.com,police officer
494,Emylee,Corabella,Emylee.Corabella@yopmail.com,Emylee.Corabella@gmail.com,developer
495,Merci,Hedve,Merci.Hedve@yopmail.com,Merci.Hedve@gmail.com,developer
496,Lizzie,LaRue,Lizzie.LaRue@yopmail.com,Lizzie.LaRue@gmail.com,police officer
497,Sadie,Wadell,Sadie.Wadell@yopmail.com,Sadie.Wadell@gmail.com,police officer
498,Elora,Weinreb,Elora.Weinreb@yopmail.com,Elora.Weinreb@gmail.com,doctor
499,Tomasina,Pandolfi,Tomasina.Pandolfi@yopmail.com,Tomasina.Pandolfi@gmail.com,doctor
500,Sadie,Rubie,Sadie.Rubie@yopmail.com,Sadie.Rubie@gmail.com,worker
501,Jackie,Junie,Jackie.Junie@yopmail.com,Jackie.Junie@gmail.com,doctor
502,Kittie,Melleta,Kittie.Melleta@yopmail.com,Kittie.Melleta@gmail.com,developer
503,Marsiella,Llovera,Marsiella.Llovera@yopmail.com,Marsiella.Llovera@gmail.com,police officer
504,Danny,Bevin,Danny.Bevin@yopmail.com,Danny.Bevin@gmail.com,doctor
505,Gilligan,Mullane,Gilligan.Mullane@yopmail.com,Gilligan.Mullane@gmail.com,worker
506,Tabbatha,Halla,Tabbatha.Halla@yopmail.com,Tabbatha.Halla@gmail.com,firefighter
507,Ethel,Emmy,Ethel.Emmy@yopmail.com,Ethel.Emmy@gmail.com,firefighter
508,Lesly,Burch,Lesly.Burch@yopmail.com,Lesly.Burch@gmail.com,doctor
509,Diena,Stilwell,Diena.Stilwell@yopmail.com,Diena.Stilwell@gmail.com,police officer
510,Gabriellia,Gerge,Gabriellia.Gerge@yopmail.com,Gabriellia.Gerge@gmail.com,worker
511,Bertine,Mitzi,Bertine.Mitzi@yopmail.com,Bertine.Mitzi@gmail.com,firefighter
512,Ileana,Francyne,Ileana.Francyne@yopmail.com,Ileana.Francyne@gmail.com,doctor
513,Yolane,Bates,Yolane.Bates@yopmail.com,Yolane.Bates@gmail.com,doctor
514,Suzette,Edison,Suzette.Edison@yopmail.com,Suzette.Edison@gmail.com,developer
515,Florie,Obed,Florie.Obed@yopmail.com,Florie.Obed@gmail.com,developer
516,Janenna,Lay,Janenna.Lay@yopmail.com,Janenna.Lay@gmail.com,doctor
517,Ann-Marie,Mehalek,Ann-Marie.Mehalek@yopmail.com,Ann-Marie.Mehalek@gmail.com,developer
518,Kaja,Malvino,Kaja.Malvino@yopmail.com,Kaja.Malvino@gmail.com,worker
519,Belva,Sacken,Belva.Sacken@yopmail.com,Belva.Sacken@gmail.com,worker
520,Chandra,Kimmie,Chandra.Kimmie@yopmail.com,Chandra.Kimmie@gmail.com,developer
521,Dale,Harned,Dale.Harned@yopmail.com,Dale.Harned@gmail.com,worker
522,Marleah,Douglass,Marleah.Douglass@yopmail.com,Marleah.Douglass@gmail.com,developer
523,Carlie,Keelia,Carlie.Keelia@yopmail.com,Carlie.Keelia@gmail.com,firefighter
524,Roberta,Quinn,Roberta.Quinn@yopmail.com,Roberta.Quinn@gmail.com,developer
525,Almeta,Iphlgenia,Almeta.Iphlgenia@yopmail.com,Almeta.Iphlgenia@gmail.com,doctor
526,Ricky,Dearborn,Ricky.Dearborn@yopmail.com,Ricky.Dearborn@gmail.com,police officer
527,Meghann,Brian,Meghann.Brian@yopmail.com,Meghann.Brian@gmail.com,developer
528,Meg,Sawtelle,Meg.Sawtelle@yopmail.com,Meg.Sawtelle@gmail.com,firefighter
529,Ekaterina,Schlosser,Ekaterina.Schlosser@yopmail.com,Ekaterina.Schlosser@gmail.com,doctor
530,Sidoney,Catie,Sidoney.Catie@yopmail.com,Sidoney.Catie@gmail.com,firefighter
531,Lisette,Kathie,Lisette.Kathie@yopmail.com,Lisette.Kathie@gmail.com,police officer
532,Tobe,Zamora,Tobe.Zamora@yopmail.com,Tobe.Zamora@gmail.com,doctor
533,Jordan,Wittie,Jordan.Wittie@yopmail.com,Jordan.Wittie@gmail.com,worker
534,Michaelina,Codding,Michaelina.Codding@yopmail.com,Michaelina.Codding@gmail.com,developer
535,Melisent,Chem,Melisent.Chem@yopmail.com,Melisent.Chem@gmail.com,doctor
536,Vita,Leonard,Vita.Leonard@yopmail.com,Vita.Leonard@gmail.com,doctor
537,Malina,Brian,Malina.Brian@yopmail.com,Malina.Brian@gmail.com,police officer
538,Elora,Isacco,Elora.Isacco@yopmail.com,Elora.Isacco@gmail.com,worker
539,Linet,Natalia,Linet.Natalia@yopmail.com,Linet.Natalia@gmail.com,doctor
540,Deedee,Mayeda,Deedee.Mayeda@yopmail.com,Deedee.Mayeda@gmail.com,firefighter
541,Melina,Mitzi,Melina.Mitzi@yopmail.com,Melina.Mitzi@gmail.com,doctor
542,Kial,Tufts,Kial.Tufts@yopmail.com,Kial.Tufts@gmail.com,firefighter
543,Alisha,Tomasina,Alisha.Tomasina@yopmail.com,Alisha.Tomasina@gmail.com,developer
544,Ursulina,Arquit,Ursulina.Arquit@yopmail.com,Ursulina.Arquit@gmail.com,firefighter
545,Glenda,Ader,Glenda.Ader@yopmail.com,Glenda.Ader@gmail.com,firefighter
546,Keelia,Hessler,Keelia.Hessler@yopmail.com,Keelia.Hessler@gmail.com,doctor
547,Julieta,Cath,Julieta.Cath@yopmail.com,Julieta.Cath@gmail.com,worker
548,Kore,Bearnard,Kore.Bearnard@yopmail.com,Kore.Bearnard@gmail.com,developer
549,Oona,Delila,Oona.Delila@yopmail.com,Oona.Delila@gmail.com,police officer
550,Morganica,O'Carroll,Morganica.O'Carroll@yopmail.com,Morganica.O'Carroll@gmail.com,firefighter
551,Deirdre,Cloris,Deirdre.Cloris@yopmail.com,Deirdre.Cloris@gmail.com,doctor
552,Lita,Baptlsta,Lita.Baptlsta@yopmail.com,Lita.Baptlsta@gmail.com,doctor
553,Kate,Albertine,Kate.Albertine@yopmail.com,Kate.Albertine@gmail.com,doctor
554,Rosaline,Elsinore,Rosaline.Elsinore@yopmail.com,Rosaline.Elsinore@gmail.com,doctor
555,Nicoli,Konyn,Nicoli.Konyn@yopmail.com,Nicoli.Konyn@gmail.com,firefighter
556,Gabi,Bigner,Gabi.Bigner@yopmail.com,Gabi.Bigner@gmail.com,police officer
557,Genovera,Delacourt,Genovera.Delacourt@yopmail.com,Genovera.Delacourt@gmail.com,firefighter
558,Phylis,Huggins,Phylis.Huggins@yopmail.com,Phylis.Huggins@gmail.com,firefighter
559,Alejandra,Lytton,Alejandra.Lytton@yopmail.com,Alejandra.Lytton@gmail.com,developer
560,Briney,Vary,Briney.Vary@yopmail.com,Briney.Vary@gmail.com,police officer
561,Mahalia,Bouchard,Mahalia.Bouchard@yopmail.com,Mahalia.Bouchard@gmail.com,firefighter
562,Valeda,Toni,Valeda.Toni@yopmail.com,Valeda.Toni@gmail.com,doctor
563,Gwyneth,Holbrook,Gwyneth.Holbrook@yopmail.com,Gwyneth.Holbrook@gmail.com,developer
564,Eadie,Gerge,Eadie.Gerge@yopmail.com,Eadie.Gerge@gmail.com,police officer
565,Kate,Franza,Kate.Franza@yopmail.com,Kate.Franza@gmail.com,worker
566,Kirbee,Curren,Kirbee.Curren@yopmail.com,Kirbee.Curren@gmail.com,doctor
567,Reeba,Delila,Reeba.Delila@yopmail.com,Reeba.Delila@gmail.com,police officer
568,Dania,Meli,Dania.Meli@yopmail.com,Dania.Meli@gmail.com,developer
569,Hannis,Orpah,Hannis.Orpah@yopmail.com,Hannis.Orpah@gmail.com,firefighter
570,Liana,Mata,Liana.Mata@yopmail.com,Liana.Mata@gmail.com,worker
571,Mariele,Rebecka,Mariele.Rebecka@yopmail.com,Mariele.Rebecka@gmail.com,worker
572,Tera,Wildermuth,Tera.Wildermuth@yopmail.com,Tera.Wildermuth@gmail.com,developer
573,Fanchon,Cosenza,Fanchon.Cosenza@yopmail.com,Fanchon.Cosenza@gmail.com,police officer
574,Dawn,Rolf,Dawn.Rolf@yopmail.com,Dawn.Rolf@gmail.com,firefighter
575,Penelopa,Berl,Penelopa.Berl@yopmail.com,Penelopa.Berl@gmail.com,developer
576,Hallie,Keily,Hallie.Keily@yopmail.com,Hallie.Keily@gmail.com,doctor
577,Chere,Gibbeon,Chere.Gibbeon@yopmail.com,Chere.Gibbeon@gmail.com,firefighter
578,Laurene,Tomasina,Laurene.Tomasina@yopmail.com,Laurene.Tomasina@gmail.com,developer
579,Sibella,Othilia,Sibella.Othilia@yopmail.com,Sibella.Othilia@gmail.com,worker
580,Almeta,Dudley,Almeta.Dudley@yopmail.com,Almeta.Dudley@gmail.com,doctor
581,Nyssa,Narton,Nyssa.Narton@yopmail.com,Nyssa.Narton@gmail.com,doctor
582,Berta,Brunell,Berta.Brunell@yopmail.com,Berta.Brunell@gmail.com,worker
583,Trixi,Delp,Trixi.Delp@yopmail.com,Trixi.Delp@gmail.com,worker
584,Alex,Colbert,Alex.Colbert@yopmail.com,Alex.Colbert@gmail.com,police officer
585,Kary,Henrie,Kary.Henrie@yopmail.com,Kary.Henrie@gmail.com,firefighter
586,Jackie,Emerson,Jackie.Emerson@yopmail.com,Jackie.Emerson@gmail.com,police officer
587,Ilse,Aaberg,Ilse.Aaberg@yopmail.com,Ilse.Aaberg@gmail.com,firefighter
588,Helsa,Noam,Helsa.Noam@yopmail.com,Helsa.Noam@gmail.com,firefighter
589,Ivett,Palocz,Ivett.Palocz@yopmail.com,Ivett.Palocz@gmail.com,worker
590,Maisey,Zrike,Maisey.Zrike@yopmail.com,Maisey.Zrike@gmail.com,developer
591,Deloria,Burkle,Deloria.Burkle@yopmail.com,Deloria.Burkle@gmail.com,worker
592,Kellen,Trinetta,Kellen.Trinetta@yopmail.com,Kellen.Trinetta@gmail.com,worker
593,Gale,Francyne,Gale.Francyne@yopmail.com,Gale.Francyne@gmail.com,doctor
594,Mady,Ardeha,Mady.Ardeha@yopmail.com,Mady.Ardeha@gmail.com,firefighter
595,Jillayne,Faria,Jillayne.Faria@yopmail.com,Jillayne.Faria@gmail.com,worker
596,Glynnis,Alisia,Glynnis.Alisia@yopmail.com,Glynnis.Alisia@gmail.com,firefighter
597,Bertine,Lowry,Bertine.Lowry@yopmail.com,Bertine.Lowry@gmail.com,firefighter
598,Alie,Gamaliel,Alie.Gamaliel@yopmail.com,Alie.Gamaliel@gmail.com,doctor
599,Robbi,Hashim,Robbi.Hashim@yopmail.com,Robbi.Hashim@gmail.com,police officer
600,Suzette,Swanhildas,Suzette.Swanhildas@yopmail.com,Suzette.Swanhildas@gmail.com,worker
601,Dorthy,Faso,Dorthy.Faso@yopmail.com,Dorthy.Faso@gmail.com,worker
602,Alleen,Faria,Alleen.Faria@yopmail.com,Alleen.Faria@gmail.com,police officer
603,Luci,Mintz,Luci.Mintz@yopmail.com,Luci.Mintz@gmail.com,doctor
604,Carlie,Barney,Carlie.Barney@yopmail.com,Carlie.Barney@gmail.com,firefighter
605,Ann-Marie,Dorothy,Ann-Marie.Dorothy@yopmail.com,Ann-Marie.Dorothy@gmail.com,worker
606,Adore,Mehalek,Adore.Mehalek@yopmail.com,Adore.Mehalek@gmail.com,worker
607,Elvira,Jillane,Elvira.Jillane@yopmail.com,Elvira.Jillane@gmail.com,police officer
608,Shannah,Abram,Shannah.Abram@yopmail.com,Shannah.Abram@gmail.com,worker
609,Nadine,Luhe,Nadine.Luhe@yopmail.com,Nadine.Luhe@gmail.com,developer
610,Leanna,Philipp,Leanna.Philipp@yopmail.com,Leanna.Philipp@gmail.com,worker
611,Belva,Fax,Belva.Fax@yopmail.com,Belva.Fax@gmail.com,worker
612,Mady,Teddman,Mady.Teddman@yopmail.com,Mady.Teddman@gmail.com,worker
613,Brena,Willie,Brena.Willie@yopmail.com,Brena.Willie@gmail.com,developer
614,Danny,Lorain,Danny.Lorain@yopmail.com,Danny.Lorain@gmail.com,worker
615,Catrina,Vorster,Catrina.Vorster@yopmail.com,Catrina.Vorster@gmail.com,police officer
616,Sophia,Parette,Sophia.Parette@yopmail.com,Sophia.Parette@gmail.com,developer
617,Zaria,Edee,Zaria.Edee@yopmail.com,Zaria.Edee@gmail.com,firefighter
618,Rhoda,Etom,Rhoda.Etom@yopmail.com,Rhoda.Etom@gmail.com,developer
619,Pierette,Rocray,Pierette.Rocray@yopmail.com,Pierette.Rocray@gmail.com,police officer
620,Chickie,Hull,Chickie.Hull@yopmail.com,Chickie.Hull@gmail.com,worker
621,Florie,Taam,Florie.Taam@yopmail.com,Florie.Taam@gmail.com,worker
622,Charissa,Lea,Charissa.Lea@yopmail.com,Charissa.Lea@gmail.com,worker
623,Elora,Secrest,Elora.Secrest@yopmail.com,Elora.Secrest@gmail.com,police officer
624,Fred,Nickola,Fred.Nickola@yopmail.com,Fred.Nickola@gmail.com,firefighter
625,Louella,Rooney,Louella.Rooney@yopmail.com,Louella.Rooney@gmail.com,doctor
626,Calla,Jary,Calla.Jary@yopmail.com,Calla.Jary@gmail.com,firefighter
627,Sheree,Henebry,Sheree.Henebry@yopmail.com,Sheree.Henebry@gmail.com,developer
628,Agathe,Carleen,Agathe.Carleen@yopmail.com,Agathe.Carleen@gmail.com,worker
629,Melodie,Callista,Melodie.Callista@yopmail.com,Melodie.Callista@gmail.com,worker
630,Etta,Goddard,Etta.Goddard@yopmail.com,Etta.Goddard@gmail.com,firefighter
631,Brooks,Madelene,Brooks.Madelene@yopmail.com,Brooks.Madelene@gmail.com,firefighter
632,Maud,Corilla,Maud.Corilla@yopmail.com,Maud.Corilla@gmail.com,police officer
633,Lily,Drus,Lily.Drus@yopmail.com,Lily.Drus@gmail.com,firefighter
634,Roberta,Phi,Roberta.Phi@yopmail.com,Roberta.Phi@gmail.com,worker
635,Sam,Kylander,Sam.Kylander@yopmail.com,Sam.Kylander@gmail.com,police officer
636,Brandise,Leopold,Brandise.Leopold@yopmail.com,Brandise.Leopold@gmail.com,firefighter
637,Beatriz,Aldric,Beatriz.Aldric@yopmail.com,Beatriz.Aldric@gmail.com,police officer
638,Lyssa,Seagraves,Lyssa.Seagraves@yopmail.com,Lyssa.Seagraves@gmail.com,worker
639,Jenda,Bivins,Jenda.Bivins@yopmail.com,Jenda.Bivins@gmail.com,police officer
640,Arlina,Oster,Arlina.Oster@yopmail.com,Arlina.Oster@gmail.com,worker
641,Mamie,An,Mamie.An@yopmail.com,Mamie.An@gmail.com,police officer
642,Silvana,Miru,Silvana.Miru@yopmail.com,Silvana.Miru@gmail.com,developer
643,Jenda,Fry,Jenda.Fry@yopmail.com,Jenda.Fry@gmail.com,doctor
644,Shell,Posner,Shell.Posner@yopmail.com,Shell.Posner@gmail.com,developer
645,Dawn,Tjon,Dawn.Tjon@yopmail.com,Dawn.Tjon@gmail.com,firefighter
646,Valera,Hieronymus,Valera.Hieronymus@yopmail.com,Valera.Hieronymus@gmail.com,firefighter
647,Mady,Keily,Mady.Keily@yopmail.com,Mady.Keily@gmail.com,doctor
648,Halette,Erich,Halette.Erich@yopmail.com,Halette.Erich@gmail.com,worker
649,Alleen,Ricki,Alleen.Ricki@yopmail.com,Alleen.Ricki@gmail.com,worker
650,Bettine,Meli,Bettine.Meli@yopmail.com,Bettine.Meli@gmail.com,worker
651,Marsiella,Nunci,Marsiella.Nunci@yopmail.com,Marsiella.Nunci@gmail.com,firefighter
652,Lulita,Allys,Lulita.Allys@yopmail.com,Lulita.Allys@gmail.com,police officer
653,Joane,Cohdwell,Joane.Cohdwell@yopmail.com,Joane.Cohdwell@gmail.com,developer
654,Binny,Pauly,Binny.Pauly@yopmail.com,Binny.Pauly@gmail.com,developer
655,Aimil,Stuart,Aimil.Stuart@yopmail.com,Aimil.Stuart@gmail.com,police officer
656,Marylou,Cynar,Marylou.Cynar@yopmail.com,Marylou.Cynar@gmail.com,worker
657,Amelia,Margret,Amelia.Margret@yopmail.com,Amelia.Margret@gmail.com,worker
658,Lily,Yam,Lily.Yam@yopmail.com,Lily.Yam@gmail.com,police officer
659,Mariann,Esmaria,Mariann.Esmaria@yopmail.com,Mariann.Esmaria@gmail.com,police officer
660,Maurene,Jehu,Maurene.Jehu@yopmail.com,Maurene.Jehu@gmail.com,firefighter
661,Sara-Ann,Fiester,Sara-Ann.Fiester@yopmail.com,Sara-Ann.Fiester@gmail.com,developer
662,Florencia,Publia,Florencia.Publia@yopmail.com,Florencia.Publia@gmail.com,police officer
663,Alameda,Pettiford,Alameda.Pettiford@yopmail.com,Alameda.Pettiford@gmail.com,firefighter
664,Gianina,Nelsen,Gianina.Nelsen@yopmail.com,Gianina.Nelsen@gmail.com,firefighter
665,Margarette,Skurnik,Margarette.Skurnik@yopmail.com,Margarette.Skurnik@gmail.com,developer
666,Amii,Gusella,Amii.Gusella@yopmail.com,Amii.Gusella@gmail.com,worker
667,Mathilda,Pauly,Mathilda.Pauly@yopmail.com,Mathilda.Pauly@gmail.com,worker
668,Mariann,Stacy,Mariann.Stacy@yopmail.com,Mariann.Stacy@gmail.com,developer
669,Michaelina,Linskey,Michaelina.Linskey@yopmail.com,Michaelina.Linskey@gmail.com,firefighter
670,Julieta,Kinnard,Julieta.Kinnard@yopmail.com,Julieta.Kinnard@gmail.com,police officer
671,Kassey,Ferino,Kassey.Ferino@yopmail.com,Kassey.Ferino@gmail.com,developer
672,Modestia,Pelagias,Modestia.Pelagias@yopmail.com,Modestia.Pelagias@gmail.com,firefighter
673,Karina,Zachary,Karina.Zachary@yopmail.com,Karina.Zachary@gmail.com,worker
674,Bibby,Pond,Bibby.Pond@yopmail.com,Bibby.Pond@gmail.com,police officer
675,Elie,Destinee,Elie.Destinee@yopmail.com,Elie.Destinee@gmail.com,firefighter
676,Mathilda,Baudin,Mathilda.Baudin@yopmail.com,Mathilda.Baudin@gmail.com,developer
677,Amara,Loleta,Amara.Loleta@yopmail.com,Amara.Loleta@gmail.com,police officer
678,Starla,Noam,Starla.Noam@yopmail.com,Starla.Noam@gmail.com,firefighter
679,Dacia,Arathorn,Dacia.Arathorn@yopmail.com,Dacia.Arathorn@gmail.com,police officer
680,Elsie,Guthrie,Elsie.Guthrie@yopmail.com,Elsie.Guthrie@gmail.com,doctor
681,Dari,Chapland,Dari.Chapland@yopmail.com,Dari.Chapland@gmail.com,developer
682,Katuscha,Freddi,Katuscha.Freddi@yopmail.com,Katuscha.Freddi@gmail.com,doctor
683,Alie,Ilka,Alie.Ilka@yopmail.com,Alie.Ilka@gmail.com,firefighter
684,Rayna,Catie,Rayna.Catie@yopmail.com,Rayna.Catie@gmail.com,doctor
685,Mady,Jethro,Mady.Jethro@yopmail.com,Mady.Jethro@gmail.com,worker
686,Addia,Cyrie,Addia.Cyrie@yopmail.com,Addia.Cyrie@gmail.com,firefighter
687,Sheree,Stover,Sheree.Stover@yopmail.com,Sheree.Stover@gmail.com,developer
688,Damaris,Bultman,Damaris.Bultman@yopmail.com,Damaris.Bultman@gmail.com,worker
689,Jessamyn,Ramona,Jessamyn.Ramona@yopmail.com,Jessamyn.Ramona@gmail.com,worker
690,Gwenneth,Fosque,Gwenneth.Fosque@yopmail.com,Gwenneth.Fosque@gmail.com,doctor
691,Nadine,Annice,Nadine.Annice@yopmail.com,Nadine.Annice@gmail.com,developer
692,Mignon,Burch,Mignon.Burch@yopmail.com,Mignon.Burch@gmail.com,police officer
693,Liana,Pulsifer,Liana.Pulsifer@yopmail.com,Liana.Pulsifer@gmail.com,developer
694,Audrie,Even,Audrie.Even@yopmail.com,Audrie.Even@gmail.com,doctor
695,Elvira,Douglass,Elvira.Douglass@yopmail.com,Elvira.Douglass@gmail.com,police officer
696,Jaclyn,Bryna,Jaclyn.Bryna@yopmail.com,Jaclyn.Bryna@gmail.com,firefighter
697,Edith,Bendick,Edith.Bendick@yopmail.com,Edith.Bendick@gmail.com,worker
698,Dagmar,Nadia,Dagmar.Nadia@yopmail.com,Dagmar.Nadia@gmail.com,firefighter
699,Iseabal,Yorick,Iseabal.Yorick@yopmail.com,Iseabal.Yorick@gmail.com,firefighter
700,Di,Buffum,Di.Buffum@yopmail.com,Di.Buffum@gmail.com,police officer
701,Dede,Lareena,Dede.Lareena@yopmail.com,Dede.Lareena@gmail.com,firefighter
702,Codie,Florina,Codie.Florina@yopmail.com,Codie.Florina@gmail.com,doctor
703,Sabina,Fulmer,Sabina.Fulmer@yopmail.com,Sabina.Fulmer@gmail.com,worker
704,Leona,Maiah,Leona.Maiah@yopmail.com,Leona.Maiah@gmail.com,doctor
705,Viki,Carmena,Viki.Carmena@yopmail.com,Viki.Carmena@gmail.com,police officer
706,Jere,Bennie,Jere.Bennie@yopmail.com,Jere.Bennie@gmail.com,developer
707,Cordi,Brunell,Cordi.Brunell@yopmail.com,Cordi.Brunell@gmail.com,developer
708,Alia,Barrus,Alia.Barrus@yopmail.com,Alia.Barrus@gmail.com,police officer
709,Harrietta,Vins,Harrietta.Vins@yopmail.com,Harrietta.Vins@gmail.com,police officer
710,Chrystel,Penelopa,Chrystel.Penelopa@yopmail.com,Chrystel.Penelopa@gmail.com,firefighter
711,Daryl,Stefa,Daryl.Stefa@yopmail.com,Daryl.Stefa@gmail.com,police officer
712,Gianina,Hoenack,Gianina.Hoenack@yopmail.com,Gianina.Hoenack@gmail.com,police officer
713,Marjie,Juliet,Marjie.Juliet@yopmail.com,Marjie.Juliet@gmail.com,developer
714,Jasmina,Annabella,Jasmina.Annabella@yopmail.com,Jasmina.Annabella@gmail.com,police officer
715,Verla,Adore,Verla.Adore@yopmail.com,Verla.Adore@gmail.com,doctor
716,Pamella,Dituri,Pamella.Dituri@yopmail.com,Pamella.Dituri@gmail.com,worker
717,Audrie,Hailee,Audrie.Hailee@yopmail.com,Audrie.Hailee@gmail.com,police officer
718,Marline,Bluh,Marline.Bluh@yopmail.com,Marline.Bluh@gmail.com,police officer
719,Kara-Lynn,Brittani,Kara-Lynn.Brittani@yopmail.com,Kara-Lynn.Brittani@gmail.com,doctor
720,Grier,Lytton,Grier.Lytton@yopmail.com,Grier.Lytton@gmail.com,firefighter
721,Halette,Dorine,Halette.Dorine@yopmail.com,Halette.Dorine@gmail.com,doctor
722,Corene,Johanna,Corene.Johanna@yopmail.com,Corene.Johanna@gmail.com,firefighter
723,Rebeca,Letsou,Rebeca.Letsou@yopmail.com,Rebeca.Letsou@gmail.com,developer
724,Yvonne,Eliathas,Yvonne.Eliathas@yopmail.com,Yvonne.Eliathas@gmail.com,police officer
725,Aigneis,Herrera,Aigneis.Herrera@yopmail.com,Aigneis.Herrera@gmail.com,firefighter
726,Gilligan,Gherardo,Gilligan.Gherardo@yopmail.com,Gilligan.Gherardo@gmail.com,developer
727,Sidoney,Riordan,Sidoney.Riordan@yopmail.com,Sidoney.Riordan@gmail.com,police officer
728,Catrina,Socha,Catrina.Socha@yopmail.com,Catrina.Socha@gmail.com,firefighter
729,Vere,Cohdwell,Vere.Cohdwell@yopmail.com,Vere.Cohdwell@gmail.com,doctor
730,Lulita,Havens,Lulita.Havens@yopmail.com,Lulita.Havens@gmail.com,doctor
731,Leia,Hashim,Leia.Hashim@yopmail.com,Leia.Hashim@gmail.com,developer
732,Asia,Waldron,Asia.Waldron@yopmail.com,Asia.Waldron@gmail.com,police officer
733,Melodie,Mitzi,Melodie.Mitzi@yopmail.com,Melodie.Mitzi@gmail.com,developer
734,Kittie,Gunn,Kittie.Gunn@yopmail.com,Kittie.Gunn@gmail.com,police officer
735,Violet,Rurik,Violet.Rurik@yopmail.com,Violet.Rurik@gmail.com,developer
736,Ashlee,Zina,Ashlee.Zina@yopmail.com,Ashlee.Zina@gmail.com,police officer
737,Marylou,Publia,Marylou.Publia@yopmail.com,Marylou.Publia@gmail.com,worker
738,Joy,Prober,Joy.Prober@yopmail.com,Joy.Prober@gmail.com,police officer
739,Diena,Elisha,Diena.Elisha@yopmail.com,Diena.Elisha@gmail.com,developer
740,Elora,Lunsford,Elora.Lunsford@yopmail.com,Elora.Lunsford@gmail.com,developer
741,Marylou,Frodi,Marylou.Frodi@yopmail.com,Marylou.Frodi@gmail.com,developer
742,Agathe,Wittie,Agathe.Wittie@yopmail.com,Agathe.Wittie@gmail.com,firefighter
743,Krystle,Mauer,Krystle.Mauer@yopmail.com,Krystle.Mauer@gmail.com,firefighter
744,Rani,Kussell,Rani.Kussell@yopmail.com,Rani.Kussell@gmail.com,worker
745,Inga,Andrel,Inga.Andrel@yopmail.com,Inga.Andrel@gmail.com,developer
746,Dale,Firmin,Dale.Firmin@yopmail.com,Dale.Firmin@gmail.com,firefighter
747,Noelle,Dalli,Noelle.Dalli@yopmail.com,Noelle.Dalli@gmail.com,developer
748,Natka,Helve,Natka.Helve@yopmail.com,Natka.Helve@gmail.com,worker
749,Keelia,Constancy,Keelia.Constancy@yopmail.com,Keelia.Constancy@gmail.com,developer
750,Willetta,Sherfield,Willetta.Sherfield@yopmail.com,Willetta.Sherfield@gmail.com,doctor
751,Max,Monk,Max.Monk@yopmail.com,Max.Monk@gmail.com,worker
752,Morganica,Eldrid,Morganica.Eldrid@yopmail.com,Morganica.Eldrid@gmail.com,doctor
753,Andeee,Septima,Andeee.Septima@yopmail.com,Andeee.Septima@gmail.com,developer
754,Dennie,Dorcy,Dennie.Dorcy@yopmail.com,Dennie.Dorcy@gmail.com,developer
755,Bill,Elvyn,Bill.Elvyn@yopmail.com,Bill.Elvyn@gmail.com,worker
756,Norine,Berard,Norine.Berard@yopmail.com,Norine.Berard@gmail.com,worker
757,Frances,Mullane,Frances.Mullane@yopmail.com,Frances.Mullane@gmail.com,developer
758,Mureil,Gherardo,Mureil.Gherardo@yopmail.com,Mureil.Gherardo@gmail.com,doctor
759,Berta,Tarrant,Berta.Tarrant@yopmail.com,Berta.Tarrant@gmail.com,worker
760,Adriana,Iiette,Adriana.Iiette@yopmail.com,Adriana.Iiette@gmail.com,doctor
761,Chastity,Emerson,Chastity.Emerson@yopmail.com,Chastity.Emerson@gmail.com,developer
762,Ekaterina,Nahum,Ekaterina.Nahum@yopmail.com,Ekaterina.Nahum@gmail.com,developer
763,Leanna,Ogren,Leanna.Ogren@yopmail.com,Leanna.Ogren@gmail.com,doctor
764,Deane,McLaughlin,Deane.McLaughlin@yopmail.com,Deane.McLaughlin@gmail.com,worker
765,Janenna,Edee,Janenna.Edee@yopmail.com,Janenna.Edee@gmail.com,worker
766,Glenda,Henrie,Glenda.Henrie@yopmail.com,Glenda.Henrie@gmail.com,police officer
767,Maisey,Danby,Maisey.Danby@yopmail.com,Maisey.Danby@gmail.com,doctor
768,Penelopa,Kendrick,Penelopa.Kendrick@yopmail.com,Penelopa.Kendrick@gmail.com,worker
769,Sara-Ann,Guthrie,Sara-Ann.Guthrie@yopmail.com,Sara-Ann.Guthrie@gmail.com,doctor
770,Kate,Hashim,Kate.Hashim@yopmail.com,Kate.Hashim@gmail.com,doctor
771,Inga,Casimir,Inga.Casimir@yopmail.com,Inga.Casimir@gmail.com,firefighter
772,Jolyn,Roarke,Jolyn.Roarke@yopmail.com,Jolyn.Roarke@gmail.com,doctor
773,Pollyanna,Evvie,Pollyanna.Evvie@yopmail.com,Pollyanna.Evvie@gmail.com,worker
774,Judy,Stav,Judy.Stav@yopmail.com,Judy.Stav@gmail.com,firefighter
775,Willetta,Earlie,Willetta.Earlie@yopmail.com,Willetta.Earlie@gmail.com,developer
776,Jessy,Sallyann,Jessy.Sallyann@yopmail.com,Jessy.Sallyann@gmail.com,worker
777,Jinny,Argus,Jinny.Argus@yopmail.com,Jinny.Argus@gmail.com,police officer
778,Chrystel,Kat,Chrystel.Kat@yopmail.com,Chrystel.Kat@gmail.com,police officer
779,Ezmeralda,Wu,Ezmeralda.Wu@yopmail.com,Ezmeralda.Wu@gmail.com,doctor
780,Meg,Jethro,Meg.Jethro@yopmail.com,Meg.Jethro@gmail.com,doctor
781,Wilma,Tomasina,Wilma.Tomasina@yopmail.com,Wilma.Tomasina@gmail.com,developer
782,Ardenia,Mozelle,Ardenia.Mozelle@yopmail.com,Ardenia.Mozelle@gmail.com,developer
783,Trudie,Nea,Trudie.Nea@yopmail.com,Trudie.Nea@gmail.com,worker
784,Nikki,Gino,Nikki.Gino@yopmail.com,Nikki.Gino@gmail.com,worker
785,Mariann,Ilka,Mariann.Ilka@yopmail.com,Mariann.Ilka@gmail.com,worker
786,Maisey,Peg,Maisey.Peg@yopmail.com,Maisey.Peg@gmail.com,developer
787,Judy,Tufts,Judy.Tufts@yopmail.com,Judy.Tufts@gmail.com,firefighter
788,Jolyn,Klotz,Jolyn.Klotz@yopmail.com,Jolyn.Klotz@gmail.com,worker
789,Patricia,Cornelia,Patricia.Cornelia@yopmail.com,Patricia.Cornelia@gmail.com,developer
790,Lita,Rustice,Lita.Rustice@yopmail.com,Lita.Rustice@gmail.com,police officer
791,Emelina,Koziara,Emelina.Koziara@yopmail.com,Emelina.Koziara@gmail.com,doctor
792,Noelle,Erich,Noelle.Erich@yopmail.com,Noelle.Erich@gmail.com,developer
793,Emma,Pierette,Emma.Pierette@yopmail.com,Emma.Pierette@gmail.com,police officer
794,Kaja,Gino,Kaja.Gino@yopmail.com,Kaja.Gino@gmail.com,firefighter
795,Jerry,McAdams,Jerry.McAdams@yopmail.com,Jerry.McAdams@gmail.com,police officer
796,Elbertina,Ventre,Elbertina.Ventre@yopmail.com,Elbertina.Ventre@gmail.com,doctor
797,Corly,Hepsibah,Corly.Hepsibah@yopmail.com,Corly.Hepsibah@gmail.com,worker
798,Ellette,Capello,Ellette.Capello@yopmail.com,Ellette.Capello@gmail.com,firefighter
799,Hildegaard,Georgy,Hildegaard.Georgy@yopmail.com,Hildegaard.Georgy@gmail.com,police officer
800,Kalina,Pozzy,Kalina.Pozzy@yopmail.com,Kalina.Pozzy@gmail.com,worker
801,Correy,Poppy,Correy.Poppy@yopmail.com,Correy.Poppy@gmail.com,developer
802,Kore,Clarissa,Kore.Clarissa@yopmail.com,Kore.Clarissa@gmail.com,worker
803,Melisent,Amand,Melisent.Amand@yopmail.com,Melisent.Amand@gmail.com,developer
804,Blinni,Gaal,Blinni.Gaal@yopmail.com,Blinni.Gaal@gmail.com,worker
805,Janey,Alva,Janey.Alva@yopmail.com,Janey.Alva@gmail.com,police officer
806,Aurore,Dichy,Aurore.Dichy@yopmail.com,Aurore.Dichy@gmail.com,doctor
807,Cristabel,Hunfredo,Cristabel.Hunfredo@yopmail.com,Cristabel.Hunfredo@gmail.com,developer
808,Micheline,Vastah,Micheline.Vastah@yopmail.com,Micheline.Vastah@gmail.com,developer
809,Carol-Jean,Hamil,Carol-Jean.Hamil@yopmail.com,Carol-Jean.Hamil@gmail.com,worker
810,Wynne,Waite,Wynne.Waite@yopmail.com,Wynne.Waite@gmail.com,worker
811,Lauryn,Brenn,Lauryn.Brenn@yopmail.com,Lauryn.Brenn@gmail.com,worker
812,Frances,Darrell,Frances.Darrell@yopmail.com,Frances.Darrell@gmail.com,doctor
813,Susan,Hanshaw,Susan.Hanshaw@yopmail.com,Susan.Hanshaw@gmail.com,police officer
814,Magdalena,Peonir,Magdalena.Peonir@yopmail.com,Magdalena.Peonir@gmail.com,police officer
815,Goldie,O'Neill,Goldie.O'Neill@yopmail.com,Goldie.O'Neill@gmail.com,firefighter
816,Frank,Hachmin,Frank.Hachmin@yopmail.com,Frank.Hachmin@gmail.com,worker
817,Keelia,Bahr,Keelia.Bahr@yopmail.com,Keelia.Bahr@gmail.com,police officer
818,Gaylene,Hepsibah,Gaylene.Hepsibah@yopmail.com,Gaylene.Hepsibah@gmail.com,doctor
819,Anica,Durware,Anica.Durware@yopmail.com,Anica.Durware@gmail.com,worker
820,Lucille,Kamaria,Lucille.Kamaria@yopmail.com,Lucille.Kamaria@gmail.com,developer
821,Hallie,Infield,Hallie.Infield@yopmail.com,Hallie.Infield@gmail.com,firefighter
822,Antonietta,Holtz,Antonietta.Holtz@yopmail.com,Antonietta.Holtz@gmail.com,doctor
823,Konstance,Astra,Konstance.Astra@yopmail.com,Konstance.Astra@gmail.com,worker
824,Ida,Dearborn,Ida.Dearborn@yopmail.com,Ida.Dearborn@gmail.com,developer
825,Yolane,Leffen,Yolane.Leffen@yopmail.com,Yolane.Leffen@gmail.com,worker
826,Annaliese,Ade,Annaliese.Ade@yopmail.com,Annaliese.Ade@gmail.com,police officer
827,Penelopa,Tound,Penelopa.Tound@yopmail.com,Penelopa.Tound@gmail.com,doctor
828,Ursulina,Jeanne,Ursulina.Jeanne@yopmail.com,Ursulina.Jeanne@gmail.com,police officer
829,Babita,Halla,Babita.Halla@yopmail.com,Babita.Halla@gmail.com,worker
830,Teriann,Teryn,Teriann.Teryn@yopmail.com,Teriann.Teryn@gmail.com,doctor
831,Ruthe,Juliet,Ruthe.Juliet@yopmail.com,Ruthe.Juliet@gmail.com,doctor
832,Sheree,Angelis,Sheree.Angelis@yopmail.com,Sheree.Angelis@gmail.com,doctor
833,Michaelina,Berard,Michaelina.Berard@yopmail.com,Michaelina.Berard@gmail.com,firefighter
834,Donnie,Leonard,Donnie.Leonard@yopmail.com,Donnie.Leonard@gmail.com,firefighter
835,Patricia,Hieronymus,Patricia.Hieronymus@yopmail.com,Patricia.Hieronymus@gmail.com,police officer
836,Janenna,Bates,Janenna.Bates@yopmail.com,Janenna.Bates@gmail.com,developer
837,Ursulina,Suzetta,Ursulina.Suzetta@yopmail.com,Ursulina.Suzetta@gmail.com,worker
838,Eadie,Screens,Eadie.Screens@yopmail.com,Eadie.Screens@gmail.com,police officer
839,Donetta,Brian,Donetta.Brian@yopmail.com,Donetta.Brian@gmail.com,developer
840,Barbara,Edison,Barbara.Edison@yopmail.com,Barbara.Edison@gmail.com,firefighter
841,Agathe,Carolin,Agathe.Carolin@yopmail.com,Agathe.Carolin@gmail.com,firefighter
842,Mahalia,Brackely,Mahalia.Brackely@yopmail.com,Mahalia.Brackely@gmail.com,doctor
843,Kathy,Fennessy,Kathy.Fennessy@yopmail.com,Kathy.Fennessy@gmail.com,police officer
844,Darci,Armanda,Darci.Armanda@yopmail.com,Darci.Armanda@gmail.com,developer
845,Babita,Hedve,Babita.Hedve@yopmail.com,Babita.Hedve@gmail.com,doctor
846,Nerta,Lucienne,Nerta.Lucienne@yopmail.com,Nerta.Lucienne@gmail.com,worker
847,Katuscha,Luhe,Katuscha.Luhe@yopmail.com,Katuscha.Luhe@gmail.com,firefighter
848,Shel,Sparhawk,Shel.Sparhawk@yopmail.com,Shel.Sparhawk@gmail.com,developer
849,Jordan,Amethist,Jordan.Amethist@yopmail.com,Jordan.Amethist@gmail.com,firefighter
850,Glenda,Silvan,Glenda.Silvan@yopmail.com,Glenda.Silvan@gmail.com,worker
851,Melina,Greyson,Melina.Greyson@yopmail.com,Melina.Greyson@gmail.com,worker
852,Adele,Thad,Adele.Thad@yopmail.com,Adele.Thad@gmail.com,doctor
853,Helena,Sibyls,Helena.Sibyls@yopmail.com,Helena.Sibyls@gmail.com,developer
854,Marinna,Devlen,Marinna.Devlen@yopmail.com,Marinna.Devlen@gmail.com,worker
855,Perry,McLaughlin,Perry.McLaughlin@yopmail.com,Perry.McLaughlin@gmail.com,doctor
856,Emilia,Saree,Emilia.Saree@yopmail.com,Emilia.Saree@gmail.com,firefighter
857,Tamqrah,Xerxes,Tamqrah.Xerxes@yopmail.com,Tamqrah.Xerxes@gmail.com,firefighter
858,Melodie,Agle,Melodie.Agle@yopmail.com,Melodie.Agle@gmail.com,developer
859,Mary,Whittaker,Mary.Whittaker@yopmail.com,Mary.Whittaker@gmail.com,firefighter
860,Rori,Kalinda,Rori.Kalinda@yopmail.com,Rori.Kalinda@gmail.com,firefighter
861,Ann-Marie,Tyson,Ann-Marie.Tyson@yopmail.com,Ann-Marie.Tyson@gmail.com,developer
862,Joy,Barney,Joy.Barney@yopmail.com,Joy.Barney@gmail.com,doctor
863,Pamella,Geffner,Pamella.Geffner@yopmail.com,Pamella.Geffner@gmail.com,police officer
864,Lorne,Charity,Lorne.Charity@yopmail.com,Lorne.Charity@gmail.com,firefighter
865,Chickie,Caitlin,Chickie.Caitlin@yopmail.com,Chickie.Caitlin@gmail.com,worker
866,Layla,Barney,Layla.Barney@yopmail.com,Layla.Barney@gmail.com,police officer
867,Vita,Capello,Vita.Capello@yopmail.com,Vita.Capello@gmail.com,doctor
868,Nariko,Drus,Nariko.Drus@yopmail.com,Nariko.Drus@gmail.com,firefighter
869,Emilia,Jenness,Emilia.Jenness@yopmail.com,Emilia.Jenness@gmail.com,developer
870,Binny,Nicoline,Binny.Nicoline@yopmail.com,Binny.Nicoline@gmail.com,developer
871,Jaclyn,Goth,Jaclyn.Goth@yopmail.com,Jaclyn.Goth@gmail.com,developer
872,Augustine,Frendel,Augustine.Frendel@yopmail.com,Augustine.Frendel@gmail.com,firefighter
873,Orelia,Westphal,Orelia.Westphal@yopmail.com,Orelia.Westphal@gmail.com,police officer
874,Shaylyn,Natalia,Shaylyn.Natalia@yopmail.com,Shaylyn.Natalia@gmail.com,developer
875,Teriann,Marijo,Teriann.Marijo@yopmail.com,Teriann.Marijo@gmail.com,developer
876,Aili,Erich,Aili.Erich@yopmail.com,Aili.Erich@gmail.com,police officer
877,Stacey,Alva,Stacey.Alva@yopmail.com,Stacey.Alva@gmail.com,police officer
878,Jolyn,Carbo,Jolyn.Carbo@yopmail.com,Jolyn.Carbo@gmail.com,developer
879,Tersina,Flyn,Tersina.Flyn@yopmail.com,Tersina.Flyn@gmail.com,worker
880,Demetris,Chandler,Demetris.Chandler@yopmail.com,Demetris.Chandler@gmail.com,firefighter
881,Caritta,Iiette,Caritta.Iiette@yopmail.com,Caritta.Iiette@gmail.com,doctor
882,Jennica,Mott,Jennica.Mott@yopmail.com,Jennica.Mott@gmail.com,police officer
883,Gisela,Matthew,Gisela.Matthew@yopmail.com,Gisela.Matthew@gmail.com,developer
884,Corene,Dom,Corene.Dom@yopmail.com,Corene.Dom@gmail.com,developer
885,Christal,Norrie,Christal.Norrie@yopmail.com,Christal.Norrie@gmail.com,police officer
886,Judy,Madelene,Judy.Madelene@yopmail.com,Judy.Madelene@gmail.com,police officer
887,Aryn,Fairweather,Aryn.Fairweather@yopmail.com,Aryn.Fairweather@gmail.com,firefighter
888,Constance,Atcliffe,Constance.Atcliffe@yopmail.com,Constance.Atcliffe@gmail.com,police officer
889,Florie,Chauncey,Florie.Chauncey@yopmail.com,Florie.Chauncey@gmail.com,doctor
890,Elbertina,Allys,Elbertina.Allys@yopmail.com,Elbertina.Allys@gmail.com,worker
891,Tiffie,Loring,Tiffie.Loring@yopmail.com,Tiffie.Loring@gmail.com,police officer
892,Vanessa,Anderea,Vanessa.Anderea@yopmail.com,Vanessa.Anderea@gmail.com,worker
893,Cyb,Artie,Cyb.Artie@yopmail.com,Cyb.Artie@gmail.com,doctor
894,Ricky,Ietta,Ricky.Ietta@yopmail.com,Ricky.Ietta@gmail.com,police officer
895,Collen,Ummersen,Collen.Ummersen@yopmail.com,Collen.Ummersen@gmail.com,firefighter
896,Krystle,Campball,Krystle.Campball@yopmail.com,Krystle.Campball@gmail.com,police officer
897,Brianna,Tannie,Brianna.Tannie@yopmail.com,Brianna.Tannie@gmail.com,doctor
898,Kathy,Muriel,Kathy.Muriel@yopmail.com,Kathy.Muriel@gmail.com,developer
899,Phedra,Lasley,Phedra.Lasley@yopmail.com,Phedra.Lasley@gmail.com,doctor
900,Ricky,Vale,Ricky.Vale@yopmail.com,Ricky.Vale@gmail.com,firefighter
901,Eadie,Federica,Eadie.Federica@yopmail.com,Eadie.Federica@gmail.com,doctor
902,Addia,Richers,Addia.Richers@yopmail.com,Addia.Richers@gmail.com,worker
903,Alyssa,McCutcheon,Alyssa.McCutcheon@yopmail.com,Alyssa.McCutcheon@gmail.com,firefighter
904,Phylis,Earlie,Phylis.Earlie@yopmail.com,Phylis.Earlie@gmail.com,firefighter
905,Kial,Connelly,Kial.Connelly@yopmail.com,Kial.Connelly@gmail.com,worker
906,Tamqrah,Stacy,Tamqrah.Stacy@yopmail.com,Tamqrah.Stacy@gmail.com,doctor
907,Fanchon,Latini,Fanchon.Latini@yopmail.com,Fanchon.Latini@gmail.com,doctor
908,Kerrin,Tippets,Kerrin.Tippets@yopmail.com,Kerrin.Tippets@gmail.com,doctor
909,Kimberley,Macey,Kimberley.Macey@yopmail.com,Kimberley.Macey@gmail.com,developer
910,Cathie,Rudolph,Cathie.Rudolph@yopmail.com,Cathie.Rudolph@gmail.com,developer
911,Paulita,Huggins,Paulita.Huggins@yopmail.com,Paulita.Huggins@gmail.com,developer
912,Sheelagh,Gillan,Sheelagh.Gillan@yopmail.com,Sheelagh.Gillan@gmail.com,doctor
913,Sonni,Gemini,Sonni.Gemini@yopmail.com,Sonni.Gemini@gmail.com,doctor
914,Korrie,Clarissa,Korrie.Clarissa@yopmail.com,Korrie.Clarissa@gmail.com,worker
915,Jolyn,Brackely,Jolyn.Brackely@yopmail.com,Jolyn.Brackely@gmail.com,police officer
916,Zondra,Vharat,Zondra.Vharat@yopmail.com,Zondra.Vharat@gmail.com,police officer
917,Bernie,Hoban,Bernie.Hoban@yopmail.com,Bernie.Hoban@gmail.com,police officer
918,Teriann,Zenas,Teriann.Zenas@yopmail.com,Teriann.Zenas@gmail.com,worker
919,Rochette,Bury,Rochette.Bury@yopmail.com,Rochette.Bury@gmail.com,firefighter
920,Juliane,Dorothy,Juliane.Dorothy@yopmail.com,Juliane.Dorothy@gmail.com,firefighter
921,Bee,Kosey,Bee.Kosey@yopmail.com,Bee.Kosey@gmail.com,worker
922,Ofilia,Chrystel,Ofilia.Chrystel@yopmail.com,Ofilia.Chrystel@gmail.com,developer
923,Myriam,Minetta,Myriam.Minetta@yopmail.com,Myriam.Minetta@gmail.com,developer
924,Krystle,Shields,Krystle.Shields@yopmail.com,Krystle.Shields@gmail.com,firefighter
925,Mariele,Cutlerr,Mariele.Cutlerr@yopmail.com,Mariele.Cutlerr@gmail.com,developer
926,Livvyy,Dash,Livvyy.Dash@yopmail.com,Livvyy.Dash@gmail.com,firefighter
927,Chere,Bouchard,Chere.Bouchard@yopmail.com,Chere.Bouchard@gmail.com,doctor
928,Jean,Deegan,Jean.Deegan@yopmail.com,Jean.Deegan@gmail.com,doctor
929,Pamella,Ariella,Pamella.Ariella@yopmail.com,Pamella.Ariella@gmail.com,police officer
930,Bobbi,Si,Bobbi.Si@yopmail.com,Bobbi.Si@gmail.com,firefighter
931,Isa,Croix,Isa.Croix@yopmail.com,Isa.Croix@gmail.com,worker
932,Jan,Maribeth,Jan.Maribeth@yopmail.com,Jan.Maribeth@gmail.com,doctor
933,Antonietta,Cosenza,Antonietta.Cosenza@yopmail.com,Antonietta.Cosenza@gmail.com,doctor
934,Ulrike,Fairweather,Ulrike.Fairweather@yopmail.com,Ulrike.Fairweather@gmail.com,police officer
935,Lauryn,Virgin,Lauryn.Virgin@yopmail.com,Lauryn.Virgin@gmail.com,developer
936,Genovera,Shuler,Genovera.Shuler@yopmail.com,Genovera.Shuler@gmail.com,doctor
937,Beth,Ludewig,Beth.Ludewig@yopmail.com,Beth.Ludewig@gmail.com,developer
938,Selma,Johnsson,Selma.Johnsson@yopmail.com,Selma.Johnsson@gmail.com,developer
939,Siana,Cosenza,Siana.Cosenza@yopmail.com,Siana.Cosenza@gmail.com,police officer
940,Miquela,Taima,Miquela.Taima@yopmail.com,Miquela.Taima@gmail.com,doctor
941,Netty,Gombach,Netty.Gombach@yopmail.com,Netty.Gombach@gmail.com,police officer
942,Tressa,Sherfield,Tressa.Sherfield@yopmail.com,Tressa.Sherfield@gmail.com,doctor
943,Vonny,Sperling,Vonny.Sperling@yopmail.com,Vonny.Sperling@gmail.com,doctor
944,Paola,Prouty,Paola.Prouty@yopmail.com,Paola.Prouty@gmail.com,police officer
945,Debee,Blake,Debee.Blake@yopmail.com,Debee.Blake@gmail.com,doctor
946,Babita,Sammons,Babita.Sammons@yopmail.com,Babita.Sammons@gmail.com,police officer
947,Chloris,Carey,Chloris.Carey@yopmail.com,Chloris.Carey@gmail.com,developer
948,Minne,Franza,Minne.Franza@yopmail.com,Minne.Franza@gmail.com,firefighter
949,Heddie,Tyson,Heddie.Tyson@yopmail.com,Heddie.Tyson@gmail.com,worker
950,Gerrie,Magdalen,Gerrie.Magdalen@yopmail.com,Gerrie.Magdalen@gmail.com,firefighter
951,Karolina,Wesle,Karolina.Wesle@yopmail.com,Karolina.Wesle@gmail.com,police officer
952,Lanae,Uund,Lanae.Uund@yopmail.com,Lanae.Uund@gmail.com,worker
953,Lorenza,Toor,Lorenza.Toor@yopmail.com,Lorenza.Toor@gmail.com,doctor
954,Rosaline,Old,Rosaline.Old@yopmail.com,Rosaline.Old@gmail.com,firefighter
955,Minda,Mintz,Minda.Mintz@yopmail.com,Minda.Mintz@gmail.com,firefighter
956,Kimberley,Bollay,Kimberley.Bollay@yopmail.com,Kimberley.Bollay@gmail.com,police officer
957,Tabbatha,Haerr,Tabbatha.Haerr@yopmail.com,Tabbatha.Haerr@gmail.com,doctor
958,Benita,Darian,Benita.Darian@yopmail.com,Benita.Darian@gmail.com,firefighter
959,Codie,Cecile,Codie.Cecile@yopmail.com,Codie.Cecile@gmail.com,developer
960,Catharine,Podvin,Catharine.Podvin@yopmail.com,Catharine.Podvin@gmail.com,firefighter
961,Edith,Salchunas,Edith.Salchunas@yopmail.com,Edith.Salchunas@gmail.com,developer
962,Kamilah,Persse,Kamilah.Persse@yopmail.com,Kamilah.Persse@gmail.com,worker
963,Bernie,Manolo,Bernie.Manolo@yopmail.com,Bernie.Manolo@gmail.com,worker
964,Florie,Aloise,Florie.Aloise@yopmail.com,Florie.Aloise@gmail.com,worker
965,Elora,Lewes,Elora.Lewes@yopmail.com,Elora.Lewes@gmail.com,doctor
966,Merci,Mayeda,Merci.Mayeda@yopmail.com,Merci.Mayeda@gmail.com,police officer
967,Doralynne,Pozzy,Doralynne.Pozzy@yopmail.com,Doralynne.Pozzy@gmail.com,worker
968,Tressa,Screens,Tressa.Screens@yopmail.com,Tressa.Screens@gmail.com,police officer
969,Cyb,Chrystel,Cyb.Chrystel@yopmail.com,Cyb.Chrystel@gmail.com,doctor
970,Kylynn,Sheng,Kylynn.Sheng@yopmail.com,Kylynn.Sheng@gmail.com,worker
971,Wilma,Clywd,Wilma.Clywd@yopmail.com,Wilma.Clywd@gmail.com,doctor
972,Sheelagh,Chandler,Sheelagh.Chandler@yopmail.com,Sheelagh.Chandler@gmail.com,firefighter
973,Rochette,Afton,Rochette.Afton@yopmail.com,Rochette.Afton@gmail.com,police officer
974,Lexine,Karl,Lexine.Karl@yopmail.com,Lexine.Karl@gmail.com,firefighter
975,Kara-Lynn,Meter,Kara-Lynn.Meter@yopmail.com,Kara-Lynn.Meter@gmail.com,developer
976,Glynnis,Sallyann,Glynnis.Sallyann@yopmail.com,Glynnis.Sallyann@gmail.com,police officer
977,Chrystel,Old,Chrystel.Old@yopmail.com,Chrystel.Old@gmail.com,doctor
978,Louella,Howlyn,Louella.Howlyn@yopmail.com,Louella.Howlyn@gmail.com,firefighter
979,Rayna,Chinua,Rayna.Chinua@yopmail.com,Rayna.Chinua@gmail.com,worker
980,Harrietta,Sparhawk,Harrietta.Sparhawk@yopmail.com,Harrietta.Sparhawk@gmail.com,developer
981,Nataline,Pillsbury,Nataline.Pillsbury@yopmail.com,Nataline.Pillsbury@gmail.com,doctor
982,Joceline,Jacqui,Joceline.Jacqui@yopmail.com,Joceline.Jacqui@gmail.com,police officer
983,Gloria,Thomasina,Gloria.Thomasina@yopmail.com,Gloria.Thomasina@gmail.com,doctor
984,Patricia,Prouty,Patricia.Prouty@yopmail.com,Patricia.Prouty@gmail.com,developer
985,Ilse,Rheingold,Ilse.Rheingold@yopmail.com,Ilse.Rheingold@gmail.com,worker
986,Margalo,Marisa,Margalo.Marisa@yopmail.com,Margalo.Marisa@gmail.com,firefighter
987,Dorthy,Gert,Dorthy.Gert@yopmail.com,Dorthy.Gert@gmail.com,firefighter
988,Charissa,Emmaline,Charissa.Emmaline@yopmail.com,Charissa.Emmaline@gmail.com,developer
989,Dorice,McAdams,Dorice.McAdams@yopmail.com,Dorice.McAdams@gmail.com,worker
990,Tani,Merell,Tani.Merell@yopmail.com,Tani.Merell@gmail.com,doctor
991,Charmaine,Old,Charmaine.Old@yopmail.com,Charmaine.Old@gmail.com,doctor
992,Therine,Elvyn,Therine.Elvyn@yopmail.com,Therine.Elvyn@gmail.com,developer
993,Sheree,Cohdwell,Sheree.Cohdwell@yopmail.com,Sheree.Cohdwell@gmail.com,firefighter
994,Roslyn,Durante,Roslyn.Durante@yopmail.com,Roslyn.Durante@gmail.com,firefighter
995,Harmonia,Joachim,Harmonia.Joachim@yopmail.com,Harmonia.Joachim@gmail.com,doctor
996,Claudina,Remmer,Claudina.Remmer@yopmail.com,Claudina.Remmer@gmail.com,police officer
997,Cristabel,Eliathas,Cristabel.Eliathas@yopmail.com,Cristabel.Eliathas@gmail.com,worker
998,Mamie,Urias,Mamie.Urias@yopmail.com,Mamie.Urias@gmail.com,firefighter
999,Marnia,Goode,Marnia.Goode@yopmail.com,Marnia.Goode@gmail.com,police officer
1000,Valera,Anderea,Valera.Anderea@yopmail.com,Valera.Anderea@gmail.com,doctor
1001,Sidoney,Cynar,Sidoney.Cynar@yopmail.com,Sidoney.Cynar@gmail.com,firefighter
1002,Sheree,Jerald,Sheree.Jerald@yopmail.com,Sheree.Jerald@gmail.com,worker
1003,Sonni,Ricki,Sonni.Ricki@yopmail.com,Sonni.Ricki@gmail.com,firefighter
1004,Deane,Melleta,Deane.Melleta@yopmail.com,Deane.Melleta@gmail.com,police officer
1005,Therine,Gaulin,Therine.Gaulin@yopmail.com,Therine.Gaulin@gmail.com,developer
1006,Fawne,Friede,Fawne.Friede@yopmail.com,Fawne.Friede@gmail.com,developer
1007,Jillayne,Leonard,Jillayne.Leonard@yopmail.com,Jillayne.Leonard@gmail.com,firefighter
1008,Kamilah,Bollay,Kamilah.Bollay@yopmail.com,Kamilah.Bollay@gmail.com,police officer
1009,Evita,Grosz,Evita.Grosz@yopmail.com,Evita.Grosz@gmail.com,worker
1010,Marita,Leary,Marita.Leary@yopmail.com,Marita.Leary@gmail.com,police officer
1011,Berget,Jehu,Berget.Jehu@yopmail.com,Berget.Jehu@gmail.com,firefighter
1012,Jobi,Jerold,Jobi.Jerold@yopmail.com,Jobi.Jerold@gmail.com,police officer
1013,Janenna,Lytton,Janenna.Lytton@yopmail.com,Janenna.Lytton@gmail.com,firefighter
1014,Loree,Delacourt,Loree.Delacourt@yopmail.com,Loree.Delacourt@gmail.com,police officer
1015,Nananne,Naashom,Nananne.Naashom@yopmail.com,Nananne.Naashom@gmail.com,doctor
1016,Chere,Ogren,Chere.Ogren@yopmail.com,Chere.Ogren@gmail.com,police officer
1017,Rhea,Afton,Rhea.Afton@yopmail.com,Rhea.Afton@gmail.com,worker
1018,Jennica,Cath,Jennica.Cath@yopmail.com,Jennica.Cath@gmail.com,police officer
1019,Kore,Lutero,Kore.Lutero@yopmail.com,Kore.Lutero@gmail.com,doctor
1020,Daphne,Beniamino,Daphne.Beniamino@yopmail.com,Daphne.Beniamino@gmail.com,developer
1021,Donnie,Emmy,Donnie.Emmy@yopmail.com,Donnie.Emmy@gmail.com,developer
1022,Leia,Yorick,Leia.Yorick@yopmail.com,Leia.Yorick@gmail.com,developer
1023,Gratia,Granoff,Gratia.Granoff@yopmail.com,Gratia.Granoff@gmail.com,firefighter
1024,Cindelyn,Olympium,Cindelyn.Olympium@yopmail.com,Cindelyn.Olympium@gmail.com,worker
1025,Pierette,Lacombe,Pierette.Lacombe@yopmail.com,Pierette.Lacombe@gmail.com,developer
1026,Tressa,Curren,Tressa.Curren@yopmail.com,Tressa.Curren@gmail.com,developer
1027,Libbie,Leler,Libbie.Leler@yopmail.com,Libbie.Leler@gmail.com,police officer
1028,Kimmy,Ackerley,Kimmy.Ackerley@yopmail.com,Kimmy.Ackerley@gmail.com,doctor
1029,Konstance,Clara,Konstance.Clara@yopmail.com,Konstance.Clara@gmail.com,worker
1030,Tatiania,Fink,Tatiania.Fink@yopmail.com,Tatiania.Fink@gmail.com,firefighter
1031,Barbara,Douglass,Barbara.Douglass@yopmail.com,Barbara.Douglass@gmail.com,worker
1032,Kristina,Lynn,Kristina.Lynn@yopmail.com,Kristina.Lynn@gmail.com,firefighter
1033,Tracey,Kare,Tracey.Kare@yopmail.com,Tracey.Kare@gmail.com,developer
1034,Ketti,Chesna,Ketti.Chesna@yopmail.com,Ketti.Chesna@gmail.com,developer
1035,Noelle,Dominy,Noelle.Dominy@yopmail.com,Noelle.Dominy@gmail.com,doctor
1036,Sallie,Croix,Sallie.Croix@yopmail.com,Sallie.Croix@gmail.com,developer
1037,Minne,Janene,Minne.Janene@yopmail.com,Minne.Janene@gmail.com,doctor
1038,Dorthy,Niles,Dorthy.Niles@yopmail.com,Dorthy.Niles@gmail.com,firefighter
1039,Brietta,Gunn,Brietta.Gunn@yopmail.com,Brietta.Gunn@gmail.com,police officer
1040,Chandra,Ball,Chandra.Ball@yopmail.com,Chandra.Ball@gmail.com,worker
1041,Elmira,Earlie,Elmira.Earlie@yopmail.com,Elmira.Earlie@gmail.com,police officer
1042,Ivett,Havens,Ivett.Havens@yopmail.com,Ivett.Havens@gmail.com,developer
1043,Jennica,Vharat,Jennica.Vharat@yopmail.com,Jennica.Vharat@gmail.com,firefighter
1044,Ebonee,Strephon,Ebonee.Strephon@yopmail.com,Ebonee.Strephon@gmail.com,police officer
1045,Adele,Tarrant,Adele.Tarrant@yopmail.com,Adele.Tarrant@gmail.com,developer
1046,Ezmeralda,Chinua,Ezmeralda.Chinua@yopmail.com,Ezmeralda.Chinua@gmail.com,police officer
1047,Valeda,Concha,Valeda.Concha@yopmail.com,Valeda.Concha@gmail.com,developer
1048,Lynde,Corilla,Lynde.Corilla@yopmail.com,Lynde.Corilla@gmail.com,doctor
1049,Carmela,Ricki,Carmela.Ricki@yopmail.com,Carmela.Ricki@gmail.com,worker
1050,Tina,Kolnick,Tina.Kolnick@yopmail.com,Tina.Kolnick@gmail.com,worker
1051,Dulcinea,Kellby,Dulcinea.Kellby@yopmail.com,Dulcinea.Kellby@gmail.com,developer
1052,Molli,Goldina,Molli.Goldina@yopmail.com,Molli.Goldina@gmail.com,developer
1053,Caritta,Milde,Caritta.Milde@yopmail.com,Caritta.Milde@gmail.com,police officer
1054,Marcelline,Nadia,Marcelline.Nadia@yopmail.com,Marcelline.Nadia@gmail.com,firefighter
1055,Kalina,Bultman,Kalina.Bultman@yopmail.com,Kalina.Bultman@gmail.com,developer
1056,Alia,Hull,Alia.Hull@yopmail.com,Alia.Hull@gmail.com,firefighter
1057,Nollie,Dash,Nollie.Dash@yopmail.com,Nollie.Dash@gmail.com,developer
1058,Clementine,Yuille,Clementine.Yuille@yopmail.com,Clementine.Yuille@gmail.com,worker
1059,Perry,Sparhawk,Perry.Sparhawk@yopmail.com,Perry.Sparhawk@gmail.com,worker
1060,Madelle,Dimitris,Madelle.Dimitris@yopmail.com,Madelle.Dimitris@gmail.com,firefighter
1061,Delilah,Montgomery,Delilah.Montgomery@yopmail.com,Delilah.Montgomery@gmail.com,doctor
1062,Phylis,Leifeste,Phylis.Leifeste@yopmail.com,Phylis.Leifeste@gmail.com,doctor
1063,Marinna,Geffner,Marinna.Geffner@yopmail.com,Marinna.Geffner@gmail.com,doctor
1064,Paola,Hebner,Paola.Hebner@yopmail.com,Paola.Hebner@gmail.com,worker
1065,Alisha,Pyle,Alisha.Pyle@yopmail.com,Alisha.Pyle@gmail.com,police officer
1066,Marnia,Jacqui,Marnia.Jacqui@yopmail.com,Marnia.Jacqui@gmail.com,firefighter
1067,Bettine,Hillel,Bettine.Hillel@yopmail.com,Bettine.Hillel@gmail.com,worker
1068,Fidelia,Gusella,Fidelia.Gusella@yopmail.com,Fidelia.Gusella@gmail.com,worker
1069,Dorice,Thad,Dorice.Thad@yopmail.com,Dorice.Thad@gmail.com,firefighter
1070,Di,Richers,Di.Richers@yopmail.com,Di.Richers@gmail.com,firefighter
1071,Laure,Aldric,Laure.Aldric@yopmail.com,Laure.Aldric@gmail.com,developer
1072,Chere,Amethist,Chere.Amethist@yopmail.com,Chere.Amethist@gmail.com,worker
1073,Silvana,Aida,Silvana.Aida@yopmail.com,Silvana.Aida@gmail.com,worker
1074,Paule,Llovera,Paule.Llovera@yopmail.com,Paule.Llovera@gmail.com,developer
1075,Lanna,Koehler,Lanna.Koehler@yopmail.com,Lanna.Koehler@gmail.com,developer
1076,Ernesta,Buttaro,Ernesta.Buttaro@yopmail.com,Ernesta.Buttaro@gmail.com,worker
1077,Ivett,Greenwald,Ivett.Greenwald@yopmail.com,Ivett.Greenwald@gmail.com,firefighter
1078,Patricia,Fleeta,Patricia.Fleeta@yopmail.com,Patricia.Fleeta@gmail.com,worker
1079,Codie,Sothena,Codie.Sothena@yopmail.com,Codie.Sothena@gmail.com,police officer
1080,Gianina,Ackerley,Gianina.Ackerley@yopmail.com,Gianina.Ackerley@gmail.com,doctor
1081,Viki,Kaete,Viki.Kaete@yopmail.com,Viki.Kaete@gmail.com,doctor
1082,Correy,Viddah,Correy.Viddah@yopmail.com,Correy.Viddah@gmail.com,police officer
1083,Hermione,Ammann,Hermione.Ammann@yopmail.com,Hermione.Ammann@gmail.com,developer
1084,Lucy,Tufts,Lucy.Tufts@yopmail.com,Lucy.Tufts@gmail.com,firefighter
1085,Kylynn,Kellby,Kylynn.Kellby@yopmail.com,Kylynn.Kellby@gmail.com,worker
1086,Tarra,Heidt,Tarra.Heidt@yopmail.com,Tarra.Heidt@gmail.com,firefighter
1087,Dorice,Harday,Dorice.Harday@yopmail.com,Dorice.Harday@gmail.com,developer
1088,Nollie,Reneta,Nollie.Reneta@yopmail.com,Nollie.Reneta@gmail.com,doctor
1089,Starla,Rossner,Starla.Rossner@yopmail.com,Starla.Rossner@gmail.com,developer
1090,Ashlee,Maurine,Ashlee.Maurine@yopmail.com,Ashlee.Maurine@gmail.com,police officer
1091,Darlleen,Nunci,Darlleen.Nunci@yopmail.com,Darlleen.Nunci@gmail.com,doctor
1092,Taffy,Melleta,Taffy.Melleta@yopmail.com,Taffy.Melleta@gmail.com,firefighter
1093,Regina,Cadmar,Regina.Cadmar@yopmail.com,Regina.Cadmar@gmail.com,worker
1094,Nonnah,Simmonds,Nonnah.Simmonds@yopmail.com,Nonnah.Simmonds@gmail.com,doctor
1095,Rubie,Idelia,Rubie.Idelia@yopmail.com,Rubie.Idelia@gmail.com,developer
1096,Clarice,Crudden,Clarice.Crudden@yopmail.com,Clarice.Crudden@gmail.com,police officer
1097,Sarette,Peti,Sarette.Peti@yopmail.com,Sarette.Peti@gmail.com,firefighter
1098,Collen,Pacorro,Collen.Pacorro@yopmail.com,Collen.Pacorro@gmail.com,firefighter
1099,Sabina,Guthrie,Sabina.Guthrie@yopmail.com,Sabina.Guthrie@gmail.com,firefighter
